index_name,date,open,high,low,close,volume,change_pct
KSE100,2010-01-04,9411.75,9447.29,9371.28,9437.85,,0.54
KSE100,2010-01-05,9462.74,9664.28,9462.74,9657.38,,2.33
KSE100,2010-01-06,9698.02,9809.19,9698.02,9727.36,,0.72
KSE100,2010-01-07,9726.73,9813.13,9712.24,9737.47,,0.10
KSE100,2010-01-08,9752.66,9823.74,9735.24,9776.21,,0.40
KSE100,2010-01-11,9815.52,9865.93,9783.07,9797.00,,0.21
KSE100,2010-01-12,9821.80,9834.23,9751.06,9778.36,,-0.19
KSE100,2010-01-13,9778.78,9874.77,9778.78,9784.85,,0.07
KSE100,2010-01-14,9810.44,9820.05,9742.74,9802.45,,0.18
KSE100,2010-01-15,9841.74,9969.59,9841.74,9923.14,,1.23
KSE100,2010-01-18,9941.05,9953.77,9883.23,9895.46,,-0.28
KSE100,2010-01-19,9921.66,10003.52,9921.66,9954.41,,0.60
KSE100,2010-01-20,9945.20,10012.14,9893.05,9904.74,,-0.50
KSE100,2010-01-21,9928.92,9929.02,9737.09,9753.84,,-1.52
KSE100,2010-01-22,9782.75,9814.32,9718.90,9774.07,,0.21
KSE100,2010-01-25,9798.63,9810.50,9680.72,9689.20,,-0.87
KSE100,2010-01-26,9700.51,9753.54,9659.06,9666.48,,-0.23
KSE100,2010-01-27,9706.18,9740.30,9592.84,9603.55,,-0.65
KSE100,2010-01-28,9634.15,9643.92,9414.48,9579.81,,-0.25
KSE100,2010-01-29,9617.96,9637.52,9552.48,9614.19,,0.36
KSE100,2010-02-01,9637.15,9654.88,9567.37,9591.50,,-0.24
KSE100,2010-02-02,9609.73,9689.31,9571.93,9595.24,,0.04
KSE100,2010-02-03,9606.16,9638.33,9557.54,9627.63,,0.34
KSE100,2010-02-04,9632.95,9804.03,9632.95,9769.73,,1.48
KSE100,2010-02-08,9754.99,9844.75,9754.99,9809.98,,0.41
KSE100,2010-02-09,9826.33,9868.20,9783.65,9786.46,,-0.24
KSE100,2010-02-10,9809.70,9843.11,9724.32,9733.36,,-0.54
KSE100,2010-02-11,9754.48,9819.85,9754.48,9802.80,,0.71
KSE100,2010-02-12,9815.22,9881.77,9798.14,9805.87,,0.03
KSE100,2010-02-15,9727.43,9731.96,9666.26,9701.81,,-1.06
KSE100,2010-02-16,9704.17,9805.13,9704.17,9769.68,,0.70
KSE100,2010-02-17,9778.91,9929.93,9778.91,9867.09,,1.00
KSE100,2010-02-18,9932.90,9947.10,9880.28,9889.30,,0.23
KSE100,2010-02-19,9889.63,9978.57,9889.63,9902.62,,0.13
KSE100,2010-02-22,9926.54,9970.27,9903.04,9953.07,,0.51
KSE100,2010-02-23,9953.20,9973.59,9806.37,9823.57,,-1.30
KSE100,2010-02-24,9850.58,9850.58,9673.18,9686.18,,-1.40
KSE100,2010-02-25,9701.22,9741.23,9575.13,9667.17,,-0.20
KSE100,2010-02-26,9691.84,9716.97,9653.77,9657.79,,-0.10
KSE100,2010-03-01,9658.45,9684.52,9471.80,9498.56,,-1.65
KSE100,2010-03-02,9499.77,9583.31,9451.75,9546.38,,0.50
KSE100,2010-03-03,9560.48,9605.80,9408.81,9419.43,,-1.33
KSE100,2010-03-04,9426.37,9518.12,9370.80,9511.53,,0.98
KSE100,2010-03-05,9517.70,9646.17,9511.32,9626.29,,1.21
KSE100,2010-03-08,9637.23,9763.16,9628.89,9740.19,,1.18
KSE100,2010-03-09,9763.91,9860.59,9763.91,9787.03,,0.48
KSE100,2010-03-10,9801.37,9844.03,9767.41,9784.98,,-0.02
KSE100,2010-03-11,9785.86,9910.21,9785.86,9879.70,,0.97
KSE100,2010-03-12,9889.90,10039.31,9862.03,10025.99,,1.48
KSE100,2010-03-15,10055.11,10131.22,10039.63,10088.45,,0.62
KSE100,2010-03-16,10111.19,10122.66,10000.66,10017.71,,-0.70
KSE100,2010-03-17,10018.97,10096.15,9972.53,9981.48,,-0.36
KSE100,2010-03-18,10025.62,10050.04,9990.65,10007.87,,0.26
KSE100,2010-03-19,10022.07,10047.17,9992.86,10000.93,,-0.07
KSE100,2010-03-22,9995.43,10026.38,9961.08,9963.35,,-0.38
KSE100,2010-03-24,9986.07,10164.90,9986.07,10146.27,,1.84
KSE100,2010-03-25,10192.92,10224.88,10119.00,10127.03,,-0.19
KSE100,2010-03-26,10133.74,10179.72,10109.15,10137.93,,0.11
KSE100,2010-03-29,10165.02,10173.76,10042.42,10056.46,,-0.80
KSE100,2010-03-30,10056.42,10131.18,10015.55,10073.76,,0.17
KSE100,2010-03-31,10071.99,10284.60,10071.99,10178.43,,1.04
KSE100,2010-04-01,10236.91,10314.73,10227.86,10246.77,,0.67
KSE100,2010-04-02,10260.41,10429.99,10260.41,10416.51,,1.66
KSE100,2010-04-05,10443.24,10491.82,10403.83,10447.84,,0.30
KSE100,2010-04-06,10479.93,10554.52,10405.13,10419.82,,-0.27
KSE100,2010-04-07,10442.81,10552.70,10442.81,10523.01,,0.99
KSE100,2010-04-08,10549.47,10594.39,10492.34,10533.57,,0.10
KSE100,2010-04-09,10560.06,10627.96,10560.06,10586.46,,0.50
KSE100,2010-04-12,10587.18,10637.08,10533.40,10557.19,,-0.28
KSE100,2010-04-13,10579.96,10586.57,10498.73,10506.20,,-0.48
KSE100,2010-04-14,10532.59,10592.62,10495.48,10570.88,,0.62
KSE100,2010-04-15,10574.99,10688.76,10574.99,10677.47,,1.01
KSE100,2010-04-16,10702.51,10720.60,10646.22,10659.21,,-0.17
KSE100,2010-04-19,10674.33,10691.79,10632.31,10669.88,,0.10
KSE100,2010-04-20,10685.20,10731.39,10634.76,10641.52,,-0.27
KSE100,2010-04-21,10644.40,10654.53,10529.30,10590.21,,-0.48
KSE100,2010-04-22,10604.68,10681.77,10599.10,10615.15,,0.24
KSE100,2010-04-23,10618.90,10638.24,10578.54,10607.03,,-0.08
KSE100,2010-04-26,10628.75,10639.69,10539.72,10556.37,,-0.48
KSE100,2010-04-27,10562.52,10625.17,10543.09,10556.38,,0.00
KSE100,2010-04-28,10572.67,10578.81,10445.43,10519.02,,-0.35
KSE100,2010-04-29,10518.70,10579.44,10425.93,10454.63,,-0.61
KSE100,2010-04-30,10455.30,10485.73,10407.54,10428.12,,-0.25
KSE100,2010-05-03,10420.94,10455.76,10340.13,10389.46,,-0.37
KSE100,2010-05-04,10390.72,10559.83,10390.72,10467.76,,0.75
KSE100,2010-05-05,10467.96,10589.35,10425.64,10561.74,,0.90
KSE100,2010-05-06,10569.54,10601.79,10538.28,10553.12,,-0.08
KSE100,2010-05-07,10527.08,10527.08,10255.14,10271.47,,-2.67
KSE100,2010-05-10,10261.86,10338.47,10246.86,10288.14,,0.16
KSE100,2010-05-11,10335.06,10381.51,10192.64,10208.81,,-0.77
KSE100,2010-05-12,10213.08,10245.15,10079.65,10222.04,,0.13
KSE100,2010-05-13,10242.81,10303.57,10212.83,10279.52,,0.56
KSE100,2010-05-14,10291.31,10341.47,10230.97,10271.71,,-0.08
KSE100,2010-05-17,10269.87,10269.87,10023.60,10033.76,,-2.32
KSE100,2010-05-18,10032.38,10113.16,10001.57,10082.04,,0.48
KSE100,2010-05-19,10074.08,10096.28,9938.99,10050.04,,-0.32
KSE100,2010-05-20,10037.33,10071.98,9977.51,9993.40,,-0.56
KSE100,2010-05-21,9978.10,9984.27,9818.63,9871.16,,-1.22
KSE100,2010-05-24,9872.32,9883.57,9656.48,9687.41,,-1.86
KSE100,2010-05-25,9661.69,9752.30,9357.80,9428.44,,-2.67
KSE100,2010-05-26,9427.41,9627.61,9355.34,9611.55,,1.94
KSE100,2010-05-27,9613.01,9655.37,9411.57,9439.97,,-1.79
KSE100,2010-05-28,9442.91,9593.44,9426.21,9521.15,,0.86
KSE100,2010-05-31,9516.13,9542.93,9304.27,9326.42,,-2.05
KSE100,2010-06-01,9308.03,9339.96,9164.40,9294.18,,-0.35
KSE100,2010-06-02,9309.54,9528.22,9273.34,9499.06,,2.20
KSE100,2010-06-03,9514.77,9651.28,9466.52,9621.30,,1.29
KSE100,2010-06-04,9649.26,9665.29,9543.47,9636.88,,0.16
KSE100,2010-06-07,9627.08,9825.99,9531.65,9791.64,,1.61
KSE100,2010-06-08,9816.66,9822.16,9705.37,9763.17,,-0.29
KSE100,2010-06-09,9768.14,9779.30,9670.78,9678.38,,-0.87
KSE100,2010-06-10,9673.30,9692.33,9355.94,9379.78,,-3.09
KSE100,2010-06-11,9379.30,9499.61,9379.30,9471.12,,0.97
KSE100,2010-06-14,9312.40,9324.56,9131.11,9229.60,,-2.55
KSE100,2010-06-15,9239.94,9370.36,9176.27,9250.55,,0.23
KSE100,2010-06-16,9285.74,9481.83,9274.55,9436.88,,2.01
KSE100,2010-06-17,9405.73,9709.88,9320.49,9676.71,,2.54
KSE100,2010-06-18,9704.50,9820.35,9611.17,9645.71,,-0.32
KSE100,2010-06-21,9646.32,9691.53,9608.63,9651.31,,0.06
KSE100,2010-06-22,9665.27,9786.06,9663.37,9682.32,,0.32
KSE100,2010-06-23,9691.00,9745.15,9675.19,9715.39,,0.34
KSE100,2010-06-24,9721.28,9836.13,9720.11,9791.89,,0.79
KSE100,2010-06-25,9817.62,9848.15,9715.13,9796.85,,0.05
KSE100,2010-06-28,9790.64,9859.42,9656.33,9671.55,,-1.28
KSE100,2010-06-29,9676.93,9738.16,9568.87,9702.03,,0.32
KSE100,2010-06-30,9713.51,9749.82,9663.92,9721.91,,0.20
KSE100,2010-07-01,9739.77,9771.48,9707.61,9730.99,,0.09
KSE100,2010-07-02,9743.36,9756.73,9682.23,9697.65,,-0.34
KSE100,2010-07-05,9708.73,9730.24,9631.10,9637.97,,-0.62
KSE100,2010-07-06,9638.23,9684.13,9544.81,9575.20,,-0.65
KSE100,2010-07-07,9574.65,9800.39,9572.17,9789.69,,2.24
KSE100,2010-07-08,9797.16,9895.75,9781.76,9860.99,,0.73
KSE100,2010-07-09,9853.08,9993.38,9853.08,9974.40,,1.15
KSE100,2010-07-12,9979.98,10053.38,9945.44,9979.07,,0.05
KSE100,2010-07-13,10001.16,10131.37,9979.79,10114.65,,1.36
KSE100,2010-07-14,10137.33,10238.30,10130.23,10187.00,,0.72
KSE100,2010-07-15,10212.53,10258.81,10082.89,10095.80,,-0.90
KSE100,2010-07-16,10104.80,10177.26,10072.30,10153.85,,0.57
KSE100,2010-07-19,10184.79,10252.34,10180.13,10201.85,,0.47
KSE100,2010-07-20,10207.89,10276.60,10205.47,10251.53,,0.49
KSE100,2010-07-21,10252.92,10301.21,10174.01,10234.03,,-0.17
KSE100,2010-07-22,10236.08,10289.79,10210.69,10228.86,,-0.05
KSE100,2010-07-23,10248.09,10327.10,10233.54,10296.04,,0.66
KSE100,2010-07-26,10318.82,10350.17,10283.60,10297.68,,0.02
KSE100,2010-07-27,10313.39,10411.48,10303.88,10386.82,,0.87
KSE100,2010-07-28,10402.28,10467.06,10397.69,10436.29,,0.48
KSE100,2010-07-29,10449.53,10481.48,10416.54,10427.28,,-0.09
KSE100,2010-07-30,10442.94,10539.25,10432.45,10519.02,,0.88
KSE100,2010-08-02,10423.87,10423.87,10289.89,10373.53,,-1.38
KSE100,2010-08-03,10364.09,10430.56,10331.49,10388.64,,0.15
KSE100,2010-08-04,10427.34,10480.61,10378.32,10390.27,,0.02
KSE100,2010-08-05,10417.02,10435.93,10335.06,10351.72,,-0.37
KSE100,2010-08-06,10351.42,10410.63,10298.40,10315.20,,-0.35
KSE100,2010-08-09,10319.91,10325.85,9972.52,10026.20,,-2.80
KSE100,2010-08-10,10020.13,10036.81,9861.75,9892.32,,-1.34
KSE100,2010-08-11,9904.93,10001.45,9861.61,9875.68,,-0.17
KSE100,2010-08-12,9880.11,9918.24,9770.50,9792.81,,-0.84
KSE100,2010-08-13,9818.46,9840.12,9809.19,9823.37,,0.31
KSE100,2010-08-16,9819.64,9860.07,9517.41,9537.13,,-2.91
KSE100,2010-08-17,9537.13,9698.76,9488.35,9677.88,,1.48
KSE100,2010-08-18,9677.89,9766.75,9663.60,9705.00,,0.28
KSE100,2010-08-19,9705.00,9885.98,9705.00,9847.61,,1.47
KSE100,2010-08-20,9850.34,9874.17,9778.39,9860.35,,0.13
KSE100,2010-08-23,9874.03,9889.61,9793.57,9812.10,,-0.49
KSE100,2010-08-24,9813.79,9838.81,9634.37,9637.17,,-1.78
KSE100,2010-08-25,9639.29,9640.54,9497.75,9553.81,,-0.86
KSE100,2010-08-26,9562.60,9633.55,9544.49,9589.37,,0.37
KSE100,2010-08-27,9587.37,9635.37,9544.74,9598.71,,0.10
KSE100,2010-08-30,9602.55,9631.42,9492.69,9516.42,,-0.86
KSE100,2010-08-31,9531.92,9827.87,9531.92,9813.05,,3.12
KSE100,2010-09-01,9798.78,9813.05,9683.31,9735.38,,-0.79
KSE100,2010-09-02,9729.57,9833.71,9717.22,9762.89,,0.28
KSE100,2010-09-03,9765.89,9801.56,9675.61,9703.06,,-0.61
KSE100,2010-09-06,9692.29,9741.06,9664.57,9723.69,,0.21
KSE100,2010-09-07,9717.16,9767.62,9686.19,9748.14,,0.25
KSE100,2010-09-08,9737.86,9905.39,9715.23,9891.13,,1.47
KSE100,2010-09-09,9896.82,9942.59,9864.93,9879.33,,-0.12
KSE100,2010-09-14,9930.46,10108.12,9930.46,10068.36,,1.91
KSE100,2010-09-15,10097.62,10141.27,10019.22,10046.57,,-0.22
KSE100,2010-09-16,10132.94,10154.54,10007.91,10017.14,,-0.29
KSE100,2010-09-17,10018.67,10069.84,9960.15,10052.97,,0.36
KSE100,2010-09-20,10094.51,10095.48,10035.36,10063.58,,0.11
KSE100,2010-09-21,10067.23,10119.55,9989.62,9992.50,,-0.71
KSE100,2010-09-22,9999.89,10016.53,9923.69,9946.42,,-0.46
KSE100,2010-09-23,9953.07,9982.61,9860.59,9866.80,,-0.80
KSE100,2010-09-24,9867.21,9927.93,9814.88,9909.44,,0.43
KSE100,2010-09-27,9905.48,9958.07,9832.81,9936.79,,0.28
KSE100,2010-09-28,9956.40,10029.65,9952.16,9981.07,,0.45
KSE100,2010-09-29,9985.51,10024.62,9958.82,10022.25,,0.41
KSE100,2010-09-30,10011.24,10031.19,9933.67,10013.31,,-0.09
KSE100,2010-10-01,10012.12,10106.67,10002.43,10042.44,,0.29
KSE100,2010-10-04,10049.62,10072.38,10034.08,10045.03,,0.03
KSE100,2010-10-05,10054.54,10058.84,9993.77,10024.86,,-0.20
KSE100,2010-10-06,10034.73,10051.41,9995.99,10029.36,,0.04
KSE100,2010-10-07,10040.44,10200.37,10038.80,10191.68,,1.62
KSE100,2010-10-08,10206.96,10310.85,10201.53,10260.48,,0.68
KSE100,2010-10-11,10273.22,10338.73,10243.76,10322.55,,0.60
KSE100,2010-10-12,10310.40,10339.57,10263.66,10292.33,,-0.29
KSE100,2010-10-13,10288.86,10403.62,10283.13,10389.97,,0.95
KSE100,2010-10-14,10399.67,10476.32,10388.78,10409.02,,0.18
KSE100,2010-10-15,10411.05,10473.40,10402.71,10431.84,,0.22
KSE100,2010-10-18,10444.89,10537.28,10433.55,10484.39,,0.50
KSE100,2010-10-19,10516.30,10531.01,10448.06,10464.89,,-0.19
KSE100,2010-10-20,10457.84,10515.70,10436.33,10486.02,,0.20
KSE100,2010-10-21,10487.63,10604.30,10470.23,10558.74,,0.69
KSE100,2010-10-22,10561.42,10709.28,10553.60,10652.48,,0.89
KSE100,2010-10-25,10685.20,10769.53,10642.03,10703.71,,0.48
KSE100,2010-10-26,10702.03,10747.82,10640.05,10658.15,,-0.43
KSE100,2010-10-27,10657.10,10758.01,10657.10,10704.16,,0.43
KSE100,2010-10-28,10728.52,10772.71,10615.58,10634.99,,-0.65
KSE100,2010-10-29,10637.46,10660.72,10569.12,10598.40,,-0.34
KSE100,2010-11-01,10628.62,10667.09,10528.85,10538.27,,-0.57
KSE100,2010-11-02,10577.11,10695.50,10577.11,10681.87,,1.36
KSE100,2010-11-03,10699.27,10759.98,10610.09,10617.65,,-0.60
KSE100,2010-11-04,10615.32,10729.22,10604.82,10702.19,,0.80
KSE100,2010-11-05,10709.64,10923.51,10709.64,10882.00,,1.68
KSE100,2010-11-08,10901.16,11030.35,10901.16,10992.28,,1.01
KSE100,2010-11-10,11017.41,11047.21,10929.54,10941.94,,-0.46
KSE100,2010-11-11,10916.86,10995.85,10895.10,10905.24,,-0.34
KSE100,2010-11-12,10908.07,10928.30,10853.11,10874.02,,-0.29
KSE100,2010-11-15,10887.28,10934.89,10841.76,10909.65,,0.33
KSE100,2010-11-16,10933.91,10984.56,10933.91,10965.99,,0.52
KSE100,2010-11-22,10986.97,11211.61,10975.97,11205.84,,2.19
KSE100,2010-11-23,11236.64,11248.40,11142.35,11171.09,,-0.31
KSE100,2010-11-24,11167.80,11262.46,11123.82,11154.83,,-0.15
KSE100,2010-11-25,11172.64,11228.79,11109.72,11135.34,,-0.17
KSE100,2010-11-26,11150.48,11196.02,11134.42,11145.02,,0.09
KSE100,2010-11-29,11148.56,11176.08,11120.95,11163.43,,0.17
KSE100,2010-11-30,11167.93,11286.68,11159.06,11234.76,,0.64
KSE100,2010-12-01,11250.70,11329.06,11214.55,11221.81,,-0.12
KSE100,2010-12-02,11250.18,11360.95,11241.50,11343.55,,1.08
KSE100,2010-12-03,11346.44,11436.40,11346.44,11406.66,,0.56
KSE100,2010-12-06,11442.71,11486.01,11420.34,11440.07,,0.29
KSE100,2010-12-07,11454.88,11481.57,11408.05,11431.01,,-0.08
KSE100,2010-12-08,11440.30,11634.00,11440.30,11629.93,,1.74
KSE100,2010-12-09,11645.04,11649.51,11558.38,11569.09,,-0.52
KSE100,2010-12-10,11569.44,11676.82,11540.00,11620.15,,0.44
KSE100,2010-12-13,11624.91,11660.53,11577.41,11596.69,,-0.20
KSE100,2010-12-14,11604.58,11719.50,11602.25,11672.64,,0.65
KSE100,2010-12-15,11676.59,11817.92,11674.53,11786.09,,0.97
KSE100,2010-12-20,11857.67,11927.93,11835.91,11843.65,,0.49
KSE100,2010-12-21,11861.68,11897.42,11808.26,11825.06,,-0.16
KSE100,2010-12-22,11836.65,11877.28,11793.24,11848.62,,0.20
KSE100,2010-12-23,11889.72,11910.09,11767.00,11792.83,,-0.47
KSE100,2010-12-24,11800.39,11877.50,11767.31,11858.17,,0.55
KSE100,2010-12-27,11877.88,11943.96,11863.12,11909.73,,0.43
KSE100,2010-12-28,11904.37,11948.80,11829.04,11848.05,,-0.52
KSE100,2010-12-29,11861.41,11942.93,11815.20,11886.02,,0.32
KSE100,2010-12-30,11907.17,12048.52,11907.17,12031.46,,1.22
KSE100,2010-12-31,12039.05,12082.61,11979.88,12022.46,,-0.07
KSE100,2011-01-03,11914.65,11949.52,11761.52,11849.46,,-1.44
KSE100,2011-01-04,11863.10,12115.04,11863.10,12110.26,,2.20
KSE100,2011-01-05,12027.19,12213.19,12026.22,12140.84,,0.25
KSE100,2011-01-06,12141.72,12380.01,12141.72,12323.47,,1.50
KSE100,2011-01-07,12352.04,12430.16,12274.14,12389.04,,0.53
KSE100,2011-01-10,12392.76,12535.77,12264.27,12306.70,,-0.66
KSE100,2011-01-11,12320.15,12367.52,12245.31,12267.21,,-0.32
KSE100,2011-01-12,12274.15,12350.76,12229.73,12281.24,,0.11
KSE100,2011-01-13,12307.26,12481.06,12307.26,12459.44,,1.45
KSE100,2011-01-14,12496.38,12550.27,12458.98,12533.54,,0.59
KSE100,2011-01-17,12574.49,12696.54,12556.08,12681.94,,1.18
KSE100,2011-01-18,12716.64,12768.40,12626.20,12658.16,,-0.19
KSE100,2011-01-19,12668.19,12734.38,12559.73,12577.61,,-0.64
KSE100,2011-01-20,12610.20,12615.49,12387.08,12411.87,,-1.32
KSE100,2011-01-21,12441.07,12571.82,12406.46,12431.91,,0.16
KSE100,2011-01-24,12460.24,12483.26,12349.83,12370.59,,-0.49
KSE100,2011-01-25,12396.16,12483.21,12365.54,12455.75,,0.69
KSE100,2011-01-26,12461.50,12538.63,12461.50,12483.34,,0.22
KSE100,2011-01-27,12506.15,12557.01,12451.27,12477.00,,-0.05
KSE100,2011-01-28,12485.77,12532.87,12450.57,12481.44,,0.04
KSE100,2011-01-31,12464.36,12613.54,12267.89,12359.36,,-0.98
KSE100,2011-02-01,12352.96,12420.31,12174.58,12273.38,,-0.70
KSE100,2011-02-02,12297.01,12346.02,12172.22,12242.39,,-0.25
KSE100,2011-02-03,12264.85,12382.92,12243.93,12359.05,,0.95
KSE100,2011-02-04,12359.28,12442.01,12344.09,12414.41,,0.45
KSE100,2011-02-07,12425.55,12454.57,12391.74,12427.36,,0.10
KSE100,2011-02-08,12428.56,12447.85,12327.63,12360.94,,-0.53
KSE100,2011-02-09,12359.24,12366.55,12257.50,12299.28,,-0.50
KSE100,2011-02-10,12306.66,12324.43,12176.89,12187.47,,-0.91
KSE100,2011-02-11,12205.59,12236.63,11938.24,11943.34,,-2.00
KSE100,2011-02-14,11945.81,12040.53,11875.45,11946.09,,0.02
KSE100,2011-02-15,11948.75,12139.84,11948.75,12077.84,,1.10
KSE100,2011-02-17,12085.74,12142.03,12021.54,12061.77,,-0.13
KSE100,2011-02-18,12077.50,12142.93,11962.00,12041.15,,-0.17
KSE100,2011-02-21,12049.02,12106.96,11944.82,11964.68,,-0.64
KSE100,2011-02-22,11982.51,11983.05,11624.77,11649.38,,-2.64
KSE100,2011-02-23,11649.79,11694.09,11485.80,11523.42,,-1.08
KSE100,2011-02-24,11528.07,11635.32,11487.31,11539.26,,0.14
KSE100,2011-02-25,11516.41,11562.34,11100.67,11223.52,,-2.74
KSE100,2011-02-28,11186.42,11363.64,11077.43,11289.22,,0.59
KSE100,2011-03-01,11322.42,11626.74,11320.17,11608.43,,2.83
KSE100,2011-03-02,11634.10,11719.46,11536.98,11699.16,,0.78
KSE100,2011-03-03,11708.10,11774.71,11644.69,11762.00,,0.54
KSE100,2011-03-04,11765.52,12086.58,11742.24,12000.03,,2.02
KSE100,2011-03-07,12044.48,12158.01,11912.44,11974.55,,-0.21
KSE100,2011-03-08,11998.53,12000.92,11864.85,11940.01,,-0.29
KSE100,2011-03-09,11961.59,12139.67,11947.08,12128.15,,1.58
KSE100,2011-03-10,12177.00,12218.49,12089.07,12125.79,,-0.02
KSE100,2011-03-11,12124.15,12124.15,11995.76,12045.24,,-0.66
KSE100,2011-03-14,12056.11,12099.43,12027.34,12045.38,,0.00
KSE100,2011-03-15,12056.21,12056.21,11768.49,11829.24,,-1.79
KSE100,2011-03-16,11854.55,11921.61,11697.44,11794.57,,-0.29
KSE100,2011-03-17,11795.66,11933.56,11773.45,11858.27,,0.54
KSE100,2011-03-18,11876.60,11897.13,11589.97,11606.61,,-2.12
KSE100,2011-03-21,11574.19,11599.82,11348.42,11375.14,,-1.99
KSE100,2011-03-22,11397.90,11560.87,11397.90,11488.06,,0.99
KSE100,2011-03-24,11518.57,11587.03,11495.90,11564.25,,0.66
KSE100,2011-03-25,11597.52,11636.98,11531.41,11552.92,,-0.10
KSE100,2011-03-28,11534.84,11630.98,11534.84,11583.03,,0.26
KSE100,2011-03-29,11595.22,11750.75,11595.22,11711.40,,1.11
KSE100,2011-03-30,11717.30,11822.93,11683.23,11808.61,,0.83
KSE100,2011-03-31,11821.59,11887.29,11795.69,11809.54,,0.01
KSE100,2011-04-01,11809.40,11893.26,11809.40,11887.13,,0.66
KSE100,2011-04-04,11900.13,11950.76,11863.00,11873.28,,-0.12
KSE100,2011-04-05,11881.08,11919.91,11813.33,11901.37,,0.24
KSE100,2011-04-06,11912.07,11994.45,11912.07,11933.17,,0.27
KSE100,2011-04-07,11935.80,11953.25,11842.74,11848.84,,-0.71
KSE100,2011-04-08,11851.25,11958.49,11842.77,11905.86,,0.48
KSE100,2011-04-11,11932.31,11949.49,11865.98,11874.07,,-0.27
KSE100,2011-04-12,11867.39,11881.07,11778.46,11796.09,,-0.66
KSE100,2011-04-13,11802.61,11813.09,11714.92,11734.72,,-0.52
KSE100,2011-04-14,11755.22,11811.74,11622.02,11652.54,,-0.70
KSE100,2011-04-15,11656.04,11715.68,11566.36,11684.23,,0.27
KSE100,2011-04-18,11703.96,11737.83,11648.99,11674.83,,-0.08
KSE100,2011-04-19,11704.05,11704.05,11596.74,11599.28,,-0.65
KSE100,2011-04-20,11607.05,11779.92,11603.62,11745.06,,1.26
KSE100,2011-04-21,11752.90,11951.85,11743.86,11923.59,,1.52
KSE100,2011-04-22,11947.88,12023.32,11941.73,11954.37,,0.26
KSE100,2011-04-25,11963.49,11981.16,11898.60,11916.02,,-0.32
KSE100,2011-04-26,11911.31,11952.90,11891.44,11933.46,,0.15
KSE100,2011-04-27,11962.47,12050.38,11937.94,11947.44,,0.12
KSE100,2011-04-28,11950.97,11990.26,11935.85,11966.67,,0.16
KSE100,2011-04-29,11979.89,12135.51,11974.10,12057.54,,0.76
KSE100,2011-05-02,12089.91,12130.65,11967.23,12035.89,,-0.18
KSE100,2011-05-03,12045.31,12046.54,11894.78,11956.89,,-0.66
KSE100,2011-05-04,11974.59,12009.30,11638.95,11672.05,,-2.38
KSE100,2011-05-05,11693.98,11917.44,11693.98,11906.69,,2.01
KSE100,2011-05-06,11943.28,11945.87,11803.33,11879.96,,-0.22
KSE100,2011-05-09,11883.71,12003.64,11882.83,11932.68,,0.44
KSE100,2011-05-10,11953.45,12044.94,11942.93,12012.02,,0.66
KSE100,2011-05-11,12031.41,12143.72,12007.83,12036.36,,0.20
KSE100,2011-05-12,12034.58,12054.11,11945.69,11962.18,,-0.62
KSE100,2011-05-13,11959.94,12010.72,11941.65,11967.34,,0.04
KSE100,2011-05-16,11964.58,11968.75,11884.73,11902.12,,-0.54
KSE100,2011-05-17,11937.44,12036.36,11918.94,11930.24,,0.24
KSE100,2011-05-18,11942.89,11959.66,11863.19,11884.61,,-0.38
KSE100,2011-05-19,11894.66,11925.42,11873.69,11878.81,,-0.05
KSE100,2011-05-20,11884.80,11982.83,11840.03,11973.38,,0.80
KSE100,2011-05-23,11946.09,12044.57,11918.35,12030.64,,0.48
KSE100,2011-05-24,12045.07,12150.63,12045.07,12130.58,,0.83
KSE100,2011-05-25,12168.30,12217.43,12125.46,12168.12,,0.31
KSE100,2011-05-26,12175.65,12259.69,12171.39,12198.12,,0.25
KSE100,2011-05-27,12202.84,12241.35,12174.52,12225.52,,0.22
KSE100,2011-05-30,12227.00,12268.88,12180.40,12195.59,,-0.24
KSE100,2011-05-31,12168.75,12207.11,12100.40,12123.15,,-0.59
KSE100,2011-06-01,12128.34,12289.59,12116.51,12264.06,,1.16
KSE100,2011-06-02,12272.43,12295.07,12168.64,12179.81,,-0.69
KSE100,2011-06-03,12192.94,12267.10,12162.60,12236.66,,0.47
KSE100,2011-06-06,12154.46,12321.89,12140.94,12211.65,,-0.20
KSE100,2011-06-07,12215.62,12363.94,12212.30,12314.99,,0.85
KSE100,2011-06-08,12341.09,12405.15,12325.42,12367.29,,0.42
KSE100,2011-06-09,12382.34,12435.72,12313.25,12330.14,,-0.30
KSE100,2011-06-10,12334.97,12421.04,12323.92,12377.77,,0.39
KSE100,2011-06-13,12390.92,12424.87,12303.90,12353.36,,-0.20
KSE100,2011-06-14,12381.04,12391.01,12306.26,12337.94,,-0.12
KSE100,2011-06-15,12350.28,12399.45,12302.10,12317.15,,-0.17
KSE100,2011-06-16,12346.25,12385.42,12296.68,12369.12,,0.42
KSE100,2011-06-17,12377.44,12411.90,12306.11,12361.31,,-0.06
KSE100,2011-06-20,12367.20,12384.44,12130.07,12165.98,,-1.58
KSE100,2011-06-21,12164.71,12351.34,12164.71,12326.14,,1.32
KSE100,2011-06-22,12335.49,12409.11,12307.42,12369.41,,0.35
KSE100,2011-06-23,12375.08,12518.19,12363.37,12508.42,,1.12
KSE100,2011-06-24,12509.78,12532.98,12432.23,12455.34,,-0.42
KSE100,2011-06-27,12456.70,12516.00,12421.85,12464.49,,0.07
KSE100,2011-06-28,12449.67,12510.24,12338.01,12362.44,,-0.82
KSE100,2011-06-29,12378.78,12531.30,12376.69,12423.30,,0.49
KSE100,2011-06-30,12431.67,12544.38,12400.10,12496.03,,0.59
KSE100,2011-07-01,12508.73,12553.08,12458.19,12484.17,,-0.09
KSE100,2011-07-04,12495.41,12593.49,12387.82,12560.28,,0.61
KSE100,2011-07-05,12571.05,12624.74,12527.49,12576.48,,0.13
KSE100,2011-07-06,12580.99,12612.63,12520.67,12533.55,,-0.34
KSE100,2011-07-07,12534.99,12558.91,12426.07,12441.40,,-0.74
KSE100,2011-07-08,12442.76,12442.76,12315.98,12390.12,,-0.41
KSE100,2011-07-11,12402.04,12420.91,12284.81,12291.90,,-0.79
KSE100,2011-07-12,12295.51,12339.61,12154.60,12191.78,,-0.81
KSE100,2011-07-13,12217.01,12307.42,12198.67,12262.52,,0.58
KSE100,2011-07-14,12197.83,12291.47,12186.66,12267.33,,0.04
KSE100,2011-07-15,12279.79,12414.29,12268.67,12346.52,,0.65
KSE100,2011-07-18,12387.28,12432.61,12289.33,12318.24,,-0.23
KSE100,2011-07-19,12354.17,12471.28,12293.03,12443.54,,1.02
KSE100,2011-07-20,12449.12,12494.81,12415.96,12433.17,,-0.08
KSE100,2011-07-21,12453.09,12504.65,12434.03,12474.76,,0.33
KSE100,2011-07-22,12492.99,12543.18,12468.78,12476.77,,0.02
KSE100,2011-07-25,12485.04,12488.13,12373.45,12440.10,,-0.29
KSE100,2011-07-26,12397.40,12459.75,12343.24,12364.06,,-0.61
KSE100,2011-07-27,12373.19,12402.99,12232.81,12265.53,,-0.80
KSE100,2011-07-28,12266.32,12310.27,12040.93,12098.05,,-1.37
KSE100,2011-07-29,12110.61,12218.30,12045.90,12190.37,,0.76
KSE100,2011-08-01,12204.44,12330.48,12204.44,12253.39,,0.52
KSE100,2011-08-02,12253.85,12280.27,12194.85,12226.33,,-0.22
KSE100,2011-08-03,12223.84,12223.84,11911.02,11941.72,,-2.33
KSE100,2011-08-04,11944.71,12005.27,11751.61,11846.16,,-0.80
KSE100,2011-08-05,11775.90,11775.90,11300.55,11375.09,,-3.98
KSE100,2011-08-08,11298.71,11437.93,11070.28,11404.17,,0.26
KSE100,2011-08-09,11162.85,11266.06,11032.20,11034.92,,-3.24
KSE100,2011-08-10,11055.78,11365.19,11055.78,11311.29,,2.50
KSE100,2011-08-11,11205.87,11311.61,11107.27,11264.95,,-0.41
KSE100,2011-08-12,11269.43,11410.74,11229.93,11262.04,,-0.03
KSE100,2011-08-15,11280.53,11292.26,11137.39,11166.10,,-0.85
KSE100,2011-08-16,11177.37,11240.09,11098.26,11233.75,,0.61
KSE100,2011-08-17,11260.25,11301.68,11204.20,11269.95,,0.32
KSE100,2011-08-18,11222.66,11321.80,11091.42,11128.52,,-1.25
KSE100,2011-08-19,11104.25,11104.25,10858.72,10879.82,,-2.23
KSE100,2011-08-22,10830.33,10971.35,10796.39,10894.15,,0.13
KSE100,2011-08-23,10885.28,10897.53,10767.98,10842.26,,-0.48
KSE100,2011-08-24,10926.08,11046.19,10906.89,10941.08,,0.91
KSE100,2011-08-25,10959.33,11007.97,10835.91,10901.76,,-0.36
KSE100,2011-08-29,10851.20,10923.81,10760.91,10903.88,,0.02
KSE100,2011-08-30,10908.23,11076.25,10908.23,11070.58,,1.53
KSE100,2011-09-05,11074.65,11276.20,11063.81,11162.39,,0.83
KSE100,2011-09-06,11175.72,11334.75,11106.68,11319.15,,1.40
KSE100,2011-09-07,11349.29,11374.01,11307.99,11329.77,,0.09
KSE100,2011-09-08,11342.80,11417.67,11337.47,11348.42,,0.16
KSE100,2011-09-09,11337.09,11397.59,11258.51,11286.21,,-0.55
KSE100,2011-09-12,11265.80,11265.80,11139.75,11180.64,,-0.94
KSE100,2011-09-13,11196.73,11280.03,11154.52,11264.43,,0.75
KSE100,2011-09-14,11255.53,11331.59,11222.80,11297.02,,0.29
KSE100,2011-09-15,11307.82,11366.11,11291.69,11302.22,,0.05
KSE100,2011-09-16,11321.73,11358.47,11297.91,11353.46,,0.45
KSE100,2011-09-19,11369.90,11391.39,11342.18,11356.64,,0.03
KSE100,2011-09-20,11378.41,11546.80,11347.85,11522.87,,1.46
KSE100,2011-09-21,11587.12,11852.40,11587.12,11851.98,,2.86
KSE100,2011-09-22,11850.57,11891.14,11660.89,11690.23,,-1.36
KSE100,2011-09-23,11618.38,11650.93,11468.64,11606.86,,-0.71
KSE100,2011-09-26,11569.05,11569.05,11150.60,11265.03,,-2.95
KSE100,2011-09-27,11332.03,11547.19,11332.03,11531.24,,2.36
KSE100,2011-09-28,11547.79,11654.36,11497.40,11625.69,,0.82
KSE100,2011-09-29,11629.66,11663.25,11595.22,11642.46,,0.14
KSE100,2011-09-30,11650.19,11800.06,11649.29,11761.97,,1.03
KSE100,2011-10-03,11754.35,11769.53,11666.68,11708.25,,-0.46
KSE100,2011-10-04,11711.66,11944.68,11711.66,11933.28,,1.92
KSE100,2011-10-05,11967.32,11999.62,11847.67,11868.17,,-0.55
KSE100,2011-10-06,11972.18,11974.12,11814.56,11839.00,,-0.25
KSE100,2011-10-07,11923.94,11930.68,11845.40,11853.84,,0.13
KSE100,2011-10-10,11913.86,12246.18,11913.86,12092.32,,2.01
KSE100,2011-10-11,12098.03,12141.76,12028.68,12054.82,,-0.31
KSE100,2011-10-12,12061.68,12118.97,12016.13,12059.07,,0.04
KSE100,2011-10-13,12097.81,12116.30,11944.25,11966.29,,-0.77
KSE100,2011-10-14,11974.17,12022.98,11912.51,11988.09,,0.18
KSE100,2011-10-17,11997.35,12042.06,11948.91,11975.55,,-0.10
KSE100,2011-10-18,11976.36,12028.20,11902.32,11912.19,,-0.53
KSE100,2011-10-19,11929.55,11962.14,11565.46,11640.46,,-2.28
KSE100,2011-10-20,11636.03,11722.94,11603.19,11685.15,,0.38
KSE100,2011-10-21,11679.84,11714.12,11437.44,11525.25,,-1.37
KSE100,2011-10-25,11547.51,11671.11,11497.70,11517.29,,-0.07
KSE100,2011-10-26,11502.09,11537.64,11356.11,11387.22,,-1.13
KSE100,2011-10-27,11396.92,11434.90,11242.66,11283.49,,-0.91
KSE100,2011-10-28,11295.30,11599.22,11295.30,11561.67,,2.47
KSE100,2011-10-31,11574.74,11933.28,11574.74,11868.88,,2.66
KSE100,2011-11-01,11892.50,12046.89,11724.60,11762.72,,-0.89
KSE100,2011-11-02,11733.64,11815.26,11634.16,11746.09,,-0.14
KSE100,2011-11-03,11738.66,11863.27,11738.66,11807.46,,0.52
KSE100,2011-11-04,11844.95,11975.12,11813.96,11957.30,,1.27
KSE100,2011-11-10,11932.16,12009.11,11898.52,11969.05,,0.10
KSE100,2011-11-11,11994.52,12111.98,11994.52,12019.32,,0.42
KSE100,2011-11-14,12051.95,12108.77,11977.62,12008.48,,-0.09
KSE100,2011-11-15,12024.75,12053.00,11923.27,11994.01,,-0.12
KSE100,2011-11-16,12008.72,12128.55,11963.86,11992.77,,-0.01
KSE100,2011-11-17,11996.26,12022.83,11908.06,11913.42,,-0.66
KSE100,2011-11-18,11917.92,11973.93,11835.92,11937.81,,0.20
KSE100,2011-11-21,11933.59,12003.21,11864.07,11894.79,,-0.36
KSE100,2011-11-22,11891.86,11895.31,11750.51,11767.00,,-1.07
KSE100,2011-11-23,11781.26,11836.56,11621.64,11633.97,,-1.13
KSE100,2011-11-24,11631.48,11755.08,11572.12,11729.40,,0.82
KSE100,2011-11-25,11731.49,11775.23,11613.88,11648.14,,-0.69
KSE100,2011-11-28,11558.96,11558.96,11404.64,11494.15,,-1.32
KSE100,2011-11-29,11528.19,11618.30,11425.95,11506.94,,0.11
KSE100,2011-11-30,11511.39,11595.00,11505.15,11532.83,,0.22
KSE100,2011-12-01,11549.78,11613.24,11549.78,11557.37,,0.21
KSE100,2011-12-02,11553.85,11555.12,11246.93,11372.21,,-1.60
KSE100,2011-12-07,11397.95,11457.89,11211.20,11283.89,,-0.78
KSE100,2011-12-08,11280.44,11420.03,11192.26,11392.57,,0.96
KSE100,2011-12-09,11382.48,11537.24,11345.11,11464.61,,0.63
KSE100,2011-12-12,11456.77,11609.12,11456.66,11477.12,,0.11
KSE100,2011-12-13,11506.88,11517.98,11268.47,11278.02,,-1.73
KSE100,2011-12-14,11288.10,11353.03,11272.37,11300.99,,0.20
KSE100,2011-12-15,11288.46,11288.46,11057.35,11139.52,,-1.43
KSE100,2011-12-16,11066.67,11092.81,10889.56,11028.14,,-1.00
KSE100,2011-12-19,11075.48,11161.35,11039.97,11083.03,,0.50
KSE100,2011-12-20,11086.20,11375.87,11013.44,11338.04,,2.30
KSE100,2011-12-21,11343.97,11407.14,11228.03,11268.55,,-0.61
KSE100,2011-12-22,11274.27,11326.14,11248.15,11306.10,,0.33
KSE100,2011-12-23,11312.99,11384.71,11273.66,11301.09,,-0.04
KSE100,2011-12-26,11310.34,11379.26,11304.83,11310.35,,0.08
KSE100,2011-12-27,11309.60,11361.30,11286.54,11311.38,,0.01
KSE100,2011-12-28,11316.01,11380.35,11311.80,11352.59,,0.36
KSE100,2011-12-29,11368.81,11461.89,11344.06,11435.67,,0.73
KSE100,2011-12-30,11437.41,11467.70,11294.10,11347.66,,-0.77
KSE100,2012-01-02,11339.21,11339.21,11193.63,11282.01,,-0.58
KSE100,2012-01-03,11288.46,11412.97,11253.63,11402.04,,1.06
KSE100,2012-01-04,11434.31,11463.51,11334.85,11361.97,,-0.35
KSE100,2012-01-05,11349.40,11366.69,11143.70,11187.88,,-1.53
KSE100,2012-01-06,11202.75,11266.63,11075.94,11125.35,,-0.56
KSE100,2012-01-09,11147.67,11163.21,11023.63,11040.30,,-0.76
KSE100,2012-01-10,11035.18,11035.18,10771.13,10933.18,,-0.97
KSE100,2012-01-11,10915.41,10966.31,10869.97,10930.49,,-0.02
KSE100,2012-01-12,10924.94,10924.94,10840.82,10909.12,,-0.20
KSE100,2012-01-13,10909.63,11051.04,10897.06,11014.46,,0.97
KSE100,2012-01-16,11024.37,11116.19,10982.13,11112.65,,0.89
KSE100,2012-01-17,11121.28,11329.60,11121.28,11305.16,,1.73
KSE100,2012-01-18,11338.83,11551.71,11335.43,11547.71,,2.15
KSE100,2012-01-19,11570.38,11652.74,11500.60,11515.59,,-0.28
KSE100,2012-01-20,11518.57,11883.97,11518.57,11774.68,,2.25
KSE100,2012-01-23,11789.54,12070.84,11789.54,12037.66,,2.23
KSE100,2012-01-24,12064.63,12100.18,11960.99,11991.38,,-0.38
KSE100,2012-01-25,11986.18,12034.64,11932.48,11949.75,,-0.35
KSE100,2012-01-26,11951.52,12029.03,11866.89,11883.92,,-0.55
KSE100,2012-01-27,11888.52,11981.00,11879.47,11960.21,,0.64
KSE100,2012-01-30,11976.96,12000.09,11850.49,11883.01,,-0.65
KSE100,2012-01-31,11892.67,11977.14,11871.40,11874.89,,-0.07
KSE100,2012-02-01,11894.50,11989.20,11892.67,11930.55,,0.47
KSE100,2012-02-02,11942.86,12000.83,11907.41,11929.78,,-0.01
KSE100,2012-02-03,11911.56,12006.41,11911.56,11982.62,,0.44
KSE100,2012-02-06,11983.40,12214.72,11983.40,12136.92,,1.29
KSE100,2012-02-07,12156.68,12301.64,12125.25,12284.62,,1.22
KSE100,2012-02-08,12321.39,12405.24,12238.47,12263.25,,-0.17
KSE100,2012-02-09,12263.39,12316.88,12179.92,12213.24,,-0.41
KSE100,2012-02-10,12213.56,12314.23,12191.42,12231.60,,0.15
KSE100,2012-02-13,12230.97,12287.60,12154.41,12250.00,,0.15
KSE100,2012-02-14,12261.76,12347.46,12248.12,12261.85,,0.10
KSE100,2012-02-15,12275.73,12341.14,12268.16,12311.04,,0.40
KSE100,2012-02-16,12327.19,12418.55,12324.37,12404.24,,0.76
KSE100,2012-02-17,12443.32,12610.93,12443.32,12495.68,,0.74
KSE100,2012-02-20,12513.71,12595.57,12508.67,12517.90,,0.18
KSE100,2012-02-21,12518.29,12607.10,12475.16,12544.45,,0.21
KSE100,2012-02-22,12560.85,12665.89,12560.85,12603.67,,0.47
KSE100,2012-02-23,12611.70,12624.76,12499.72,12515.92,,-0.70
KSE100,2012-02-24,12532.50,12719.96,12523.73,12706.52,,1.52
KSE100,2012-02-27,12725.10,12790.62,12654.07,12743.66,,0.29
KSE100,2012-02-28,12737.40,12823.57,12726.10,12739.22,,-0.03
KSE100,2012-02-29,12794.63,12919.65,12794.63,12877.88,,1.09
KSE100,2012-03-01,12879.41,12956.52,12830.02,12941.38,,0.49
KSE100,2012-03-02,12956.08,13102.27,12953.91,13088.97,,1.14
KSE100,2012-03-05,13115.88,13311.94,13079.25,13278.31,,1.45
KSE100,2012-03-06,13299.00,13363.47,13261.44,13324.34,,0.35
KSE100,2012-03-07,13336.73,13389.18,13226.76,13244.95,,-0.60
KSE100,2012-03-08,13271.78,13364.88,13248.53,13271.39,,0.20
KSE100,2012-03-09,13275.28,13425.67,13275.28,13352.74,,0.61
KSE100,2012-03-12,13359.44,13554.35,13359.44,13382.54,,0.22
KSE100,2012-03-13,13388.11,13422.23,13270.95,13283.65,,-0.74
KSE100,2012-03-14,13302.91,13460.15,13302.91,13360.67,,0.58
KSE100,2012-03-15,13369.64,13457.34,13277.51,13451.07,,0.68
KSE100,2012-03-16,13459.13,13503.58,13249.21,13297.12,,-1.14
KSE100,2012-03-19,13298.37,13329.88,13042.30,13077.72,,-1.65
KSE100,2012-03-20,13074.49,13323.23,13043.78,13303.33,,1.73
KSE100,2012-03-21,13314.53,13399.57,13261.41,13293.12,,-0.08
KSE100,2012-03-22,13302.45,13324.23,13206.44,13273.29,,-0.15
KSE100,2012-03-26,13282.48,13306.57,13233.25,13286.73,,0.10
KSE100,2012-03-27,13276.94,13463.81,13270.09,13449.73,,1.23
KSE100,2012-03-28,13479.44,13670.33,13461.61,13575.41,,0.93
KSE100,2012-03-29,13577.75,13643.30,13468.00,13559.10,,-0.12
KSE100,2012-03-30,13570.19,13763.97,13570.19,13761.76,,1.49
KSE100,2012-04-02,13729.22,13818.92,13636.51,13663.32,,-0.72
KSE100,2012-04-03,13661.62,13730.19,13596.06,13700.47,,0.27
KSE100,2012-04-04,13696.87,13957.03,13696.87,13945.30,,1.79
KSE100,2012-04-05,13977.46,13988.83,13811.57,13831.47,,-0.82
KSE100,2012-04-06,13834.82,14022.36,13829.85,13875.53,,0.32
KSE100,2012-04-09,13886.53,14025.62,13835.29,13864.68,,-0.08
KSE100,2012-04-10,13868.32,14002.69,13865.20,13903.12,,0.28
KSE100,2012-04-11,13919.77,13973.16,13777.66,13816.96,,-0.62
KSE100,2012-04-12,13813.11,13829.02,13597.89,13693.74,,-0.89
KSE100,2012-04-13,13692.69,14007.55,13692.69,13799.42,,0.77
KSE100,2012-04-16,13806.30,13823.05,13570.51,13770.70,,-0.21
KSE100,2012-04-17,13792.16,13893.59,13764.22,13764.22,,-0.05
KSE100,2012-04-18,13796.56,13964.43,13796.01,13937.95,,1.26
KSE100,2012-04-19,13940.48,13988.06,13850.12,13929.47,,-0.06
KSE100,2012-04-20,13941.63,14061.05,13925.49,13936.48,,0.05
KSE100,2012-04-23,13962.39,14099.77,13949.65,14083.44,,1.05
KSE100,2012-04-24,14136.02,14223.25,14120.49,14132.59,,0.35
KSE100,2012-04-25,14159.66,14312.13,14159.66,14217.74,,0.60
KSE100,2012-04-26,14220.63,14316.80,14027.37,14066.09,,-1.07
KSE100,2012-04-27,14075.76,14244.08,14021.55,14042.77,,-0.17
KSE100,2012-04-30,14050.62,14066.51,13890.66,13990.38,,-0.37
KSE100,2012-05-02,14002.81,14166.65,13998.74,14142.52,,1.09
KSE100,2012-05-03,14204.59,14454.39,14204.59,14419.92,,1.96
KSE100,2012-05-04,14460.39,14628.96,14460.39,14612.28,,1.33
KSE100,2012-05-07,14648.10,14706.10,14583.54,14617.97,,0.04
KSE100,2012-05-08,14645.85,14686.72,14480.38,14513.96,,-0.71
KSE100,2012-05-09,14514.54,14644.21,14514.54,14613.59,,0.69
KSE100,2012-05-10,14662.51,14681.42,14395.08,14420.19,,-1.32
KSE100,2012-05-11,14405.92,14445.50,14210.65,14230.49,,-1.32
KSE100,2012-05-14,14235.47,14310.09,14167.91,14228.77,,-0.01
KSE100,2012-05-15,14246.47,14373.80,14233.50,14313.67,,0.60
KSE100,2012-05-16,14321.70,14334.98,14062.95,14081.07,,-1.63
KSE100,2012-05-17,14117.78,14152.58,13990.45,14063.08,,-0.13
KSE100,2012-05-18,14078.92,14106.94,13844.01,13857.78,,-1.46
KSE100,2012-05-21,13873.62,13944.43,13865.27,13875.74,,0.13
KSE100,2012-05-22,13888.67,14158.25,13888.67,14142.08,,1.92
KSE100,2012-05-23,14142.85,14145.06,14003.53,14032.82,,-0.77
KSE100,2012-05-24,14028.26,14088.36,13895.44,13936.92,,-0.68
KSE100,2012-05-25,13956.52,13999.06,13921.08,13925.06,,-0.09
KSE100,2012-05-28,13936.75,14059.71,13936.25,14031.51,,0.76
KSE100,2012-05-29,14047.87,14168.49,14047.87,14071.85,,0.29
KSE100,2012-05-30,14076.71,14107.30,13863.98,13871.75,,-1.42
KSE100,2012-05-31,13867.72,13939.21,13768.03,13786.62,,-0.61
KSE100,2012-06-01,13808.09,13972.48,13775.50,13876.97,,0.66
KSE100,2012-06-04,13895.87,13906.67,13745.40,13757.91,,-0.86
KSE100,2012-06-05,13778.27,13793.33,13630.35,13708.23,,-0.36
KSE100,2012-06-06,13714.61,13843.28,13714.61,13745.73,,0.27
KSE100,2012-06-07,13745.14,13837.66,13646.46,13717.30,,-0.21
KSE100,2012-06-08,13732.06,13770.13,13509.69,13558.70,,-1.16
KSE100,2012-06-11,13587.25,13676.38,13551.08,13601.46,,0.32
KSE100,2012-06-12,13620.46,13622.87,13396.98,13429.56,,-1.26
KSE100,2012-06-13,13471.20,13531.88,13340.96,13368.89,,-0.45
KSE100,2012-06-14,13378.35,13689.31,13378.35,13656.20,,2.15
KSE100,2012-06-15,13673.64,13752.97,13617.76,13665.80,,0.07
KSE100,2012-06-18,13680.72,13821.21,13680.72,13754.13,,0.65
KSE100,2012-06-19,13746.46,13746.46,13631.56,13682.99,,-0.52
KSE100,2012-06-20,13689.91,13781.38,13633.85,13667.18,,-0.12
KSE100,2012-06-21,13663.11,13697.33,13537.16,13600.60,,-0.49
KSE100,2012-06-22,13601.12,13759.50,13536.33,13730.82,,0.96
KSE100,2012-06-25,13754.52,13776.37,13629.18,13642.19,,-0.65
KSE100,2012-06-26,13643.87,13707.09,13588.15,13656.04,,0.10
KSE100,2012-06-27,13658.38,13824.99,13652.25,13799.12,,1.05
KSE100,2012-06-28,13810.84,13880.80,13784.18,13805.42,,0.05
KSE100,2012-06-29,13805.87,13885.57,13767.01,13801.41,,-0.03
KSE100,2012-07-02,13812.75,14171.61,13812.75,14142.92,,2.47
KSE100,2012-07-03,14172.33,14247.88,14117.43,14200.79,,0.41
KSE100,2012-07-04,14271.68,14322.00,14168.40,14178.10,,-0.16
KSE100,2012-07-05,14191.89,14215.77,14150.85,14170.91,,-0.05
KSE100,2012-07-06,14171.93,14323.02,14170.70,14310.18,,0.98
KSE100,2012-07-09,14316.76,14399.09,14253.39,14379.54,,0.48
KSE100,2012-07-10,14392.49,14435.73,14355.08,14374.33,,-0.04
KSE100,2012-07-11,14378.06,14405.49,14333.37,14380.46,,0.04
KSE100,2012-07-12,14383.12,14500.60,14363.24,14401.74,,0.15
KSE100,2012-07-13,14418.02,14481.90,14313.87,14332.29,,-0.48
KSE100,2012-07-16,14350.70,14417.35,14350.70,14384.58,,0.36
KSE100,2012-07-17,14428.86,14484.40,14373.30,14445.28,,0.42
KSE100,2012-07-18,14450.92,14596.59,14442.75,14596.59,,1.05
KSE100,2012-07-19,14612.98,14634.33,14544.17,14568.21,,-0.19
KSE100,2012-07-20,14571.96,14633.89,14545.04,14564.48,,-0.03
KSE100,2012-07-23,14569.12,14579.05,14507.60,14527.25,,-0.26
KSE100,2012-07-24,14524.10,14545.02,14483.56,14512.07,,-0.10
KSE100,2012-07-25,14512.56,14616.86,14507.30,14564.68,,0.36
KSE100,2012-07-26,14574.96,14617.47,14547.75,14553.29,,-0.08
KSE100,2012-07-27,14555.33,14568.92,14488.02,14526.41,,-0.18
KSE100,2012-07-30,14532.59,14560.51,14492.30,14511.54,,-0.10
KSE100,2012-07-31,14516.79,14598.10,14516.79,14577.00,,0.45
KSE100,2012-08-01,14587.11,14731.23,14555.92,14716.86,,0.96
KSE100,2012-08-02,14725.52,14795.44,14713.80,14730.67,,0.09
KSE100,2012-08-03,14730.44,14730.44,14658.45,14676.43,,-0.37
KSE100,2012-08-06,14679.98,14788.14,14643.66,14673.77,,-0.02
KSE100,2012-08-07,14673.90,14751.91,14649.65,14672.24,,-0.01
KSE100,2012-08-08,14679.19,14762.00,14679.19,14744.14,,0.49
KSE100,2012-08-09,14757.37,14814.42,14692.78,14759.59,,0.10
KSE100,2012-08-10,14779.24,14793.51,14719.94,14761.49,,0.01
KSE100,2012-08-13,14845.11,14937.15,14829.78,14911.97,,1.02
KSE100,2012-08-15,14943.99,14998.84,14919.19,14970.92,,0.40
KSE100,2012-08-16,14985.48,15040.93,14951.74,15000.08,,0.19
KSE100,2012-08-23,15016.49,15101.09,15016.49,15080.55,,0.54
KSE100,2012-08-24,15090.41,15161.58,15009.70,15039.18,,-0.27
KSE100,2012-08-27,15059.72,15184.46,15057.16,15171.66,,0.88
KSE100,2012-08-28,15188.25,15304.43,15183.51,15234.48,,0.41
KSE100,2012-08-29,15239.93,15255.95,15127.30,15151.31,,-0.55
KSE100,2012-08-30,15154.64,15292.30,15154.64,15253.71,,0.68
KSE100,2012-08-31,15274.55,15421.45,15274.55,15391.58,,0.90
KSE100,2012-09-03,15394.31,15481.21,15394.31,15428.49,,0.24
KSE100,2012-09-04,15447.68,15465.88,15373.59,15388.13,,-0.26
KSE100,2012-09-05,15390.30,15467.24,15280.53,15293.39,,-0.62
KSE100,2012-09-06,15393.68,15418.52,15139.53,15188.53,,-0.69
KSE100,2012-09-07,15237.84,15310.79,15225.94,15253.95,,0.43
KSE100,2012-09-10,15260.44,15323.05,15224.44,15240.19,,-0.09
KSE100,2012-09-11,15239.30,15288.81,15200.56,15214.02,,-0.17
KSE100,2012-09-12,15224.93,15309.51,15224.93,15278.48,,0.42
KSE100,2012-09-13,15279.28,15341.95,15269.39,15306.51,,0.18
KSE100,2012-09-14,15359.73,15456.52,15359.73,15449.60,,0.93
KSE100,2012-09-17,15457.19,15537.22,15386.03,15398.68,,-0.33
KSE100,2012-09-18,15406.97,15525.12,15406.12,15517.19,,0.77
KSE100,2012-09-19,15553.33,15616.45,15511.62,15588.66,,0.46
KSE100,2012-09-20,15605.64,15630.20,15438.49,15452.64,,-0.87
KSE100,2012-09-24,15482.42,15514.44,15354.38,15375.52,,-0.50
KSE100,2012-09-25,15386.21,15444.27,15360.81,15373.46,,-0.01
KSE100,2012-09-26,15422.77,15432.93,15360.36,15399.42,,0.17
KSE100,2012-09-27,15404.80,15448.22,15323.39,15357.59,,-0.27
KSE100,2012-09-28,15357.59,15534.83,15333.14,15444.82,,0.57
KSE100,2012-10-01,15450.75,15569.97,15407.40,15559.94,,0.75
KSE100,2012-10-02,15569.29,15725.82,15569.29,15648.29,,0.57
KSE100,2012-10-03,15653.98,15747.39,15605.89,15712.21,,0.41
KSE100,2012-10-04,15733.18,15815.02,15726.06,15788.96,,0.49
KSE100,2012-10-05,15790.61,15844.60,15739.16,15754.39,,-0.22
KSE100,2012-10-08,15767.57,15854.61,15629.62,15652.01,,-0.65
KSE100,2012-10-09,15642.92,15706.42,15587.83,15688.24,,0.23
KSE100,2012-10-10,15697.48,15829.99,15688.84,15753.82,,0.42
KSE100,2012-10-11,15760.45,15917.09,15757.50,15845.30,,0.58
KSE100,2012-10-12,15854.20,15981.35,15685.56,15698.36,,-0.93
KSE100,2012-10-15,15697.81,15787.66,15697.81,15746.90,,0.31
KSE100,2012-10-16,15749.24,15795.74,15662.35,15674.30,,-0.46
KSE100,2012-10-17,15681.30,15697.71,15624.23,15654.62,,-0.13
KSE100,2012-10-18,15673.24,15753.59,15658.02,15679.19,,0.16
KSE100,2012-10-19,15696.29,15818.15,15694.70,15792.75,,0.72
KSE100,2012-10-22,15819.41,15879.06,15801.25,15848.63,,0.35
KSE100,2012-10-23,15867.40,15937.10,15840.97,15853.84,,0.03
KSE100,2012-10-24,15867.10,15908.93,15839.41,15865.53,,0.07
KSE100,2012-10-25,15862.17,15869.82,15774.49,15812.72,,-0.33
KSE100,2012-10-30,15818.51,15827.62,15779.18,15795.93,,-0.11
KSE100,2012-10-31,15791.89,15924.96,15791.89,15910.11,,0.72
KSE100,2012-11-01,15917.02,16005.32,15910.76,15962.37,,0.33
KSE100,2012-11-02,15967.35,16108.10,15965.55,16101.55,,0.87
KSE100,2012-11-05,16128.65,16220.52,16128.65,16156.36,,0.34
KSE100,2012-11-06,16150.35,16150.35,16036.27,16051.14,,-0.65
KSE100,2012-11-07,16064.58,16243.86,16064.58,16218.01,,1.04
KSE100,2012-11-08,16228.24,16277.07,16146.27,16243.27,,0.16
KSE100,2012-11-12,16250.85,16292.45,16197.78,16213.68,,-0.18
KSE100,2012-11-13,16218.57,16235.85,16109.76,16129.72,,-0.52
KSE100,2012-11-14,16134.28,16173.97,16082.70,16120.52,,-0.06
KSE100,2012-11-15,16132.81,16201.89,16127.76,16143.07,,0.14
KSE100,2012-11-16,16154.31,16236.73,16150.53,16197.74,,0.34
KSE100,2012-11-19,16190.76,16266.23,16181.09,16251.38,,0.33
KSE100,2012-11-20,16264.27,16339.16,16241.08,16251.79,,0.00
KSE100,2012-11-21,16263.62,16299.95,16199.08,16256.97,,0.03
KSE100,2012-11-22,16230.29,16282.61,16222.68,16251.00,,-0.04
KSE100,2012-11-23,16258.00,16302.83,16231.55,16237.59,,-0.08
KSE100,2012-11-26,16276.74,16310.71,16251.64,16270.48,,0.20
KSE100,2012-11-27,16281.34,16375.36,16279.75,16364.77,,0.58
KSE100,2012-11-28,16386.01,16504.38,16386.00,16424.03,,0.36
KSE100,2012-11-29,16453.42,16556.27,16453.18,16527.08,,0.63
KSE100,2012-11-30,16550.57,16651.10,16528.60,16573.86,,0.28
KSE100,2012-12-03,16586.56,16633.83,16529.50,16537.98,,-0.22
KSE100,2012-12-04,16537.98,16675.94,16537.98,16650.15,,0.68
KSE100,2012-12-05,16653.42,16699.54,16619.27,16675.70,,0.15
KSE100,2012-12-06,16687.04,16844.21,16687.04,16824.55,,0.89
KSE100,2012-12-07,16848.12,16903.46,16788.03,16807.91,,-0.10
KSE100,2012-12-10,16809.85,16888.25,16778.05,16787.54,,-0.12
KSE100,2012-12-11,16801.21,16848.85,16691.48,16701.69,,-0.51
KSE100,2012-12-12,16726.59,16811.07,16724.77,16744.60,,0.26
KSE100,2012-12-13,16757.74,16816.17,16757.74,16806.58,,0.37
KSE100,2012-12-14,16809.06,16875.21,16808.24,16845.09,,0.23
KSE100,2012-12-17,16847.77,16913.84,16785.03,16801.02,,-0.26
KSE100,2012-12-18,16811.23,16912.57,16811.23,16858.68,,0.34
KSE100,2012-12-19,16860.57,16913.25,16853.13,16869.83,,0.07
KSE100,2012-12-20,16886.18,16916.99,16867.60,16908.02,,0.23
KSE100,2012-12-21,16917.02,16967.82,16853.43,16865.34,,-0.25
KSE100,2012-12-24,16867.94,16904.65,16815.64,16891.94,,0.16
KSE100,2012-12-26,16893.01,16962.33,16888.06,16927.34,,0.21
KSE100,2012-12-27,16940.16,16957.81,16877.35,16892.32,,-0.21
KSE100,2012-12-28,16892.88,16953.43,16873.78,16943.19,,0.30
KSE100,2012-12-31,16939.53,17031.77,16889.96,16905.33,,-0.22
KSE100,2013-01-01,16910.30,16935.52,16787.49,16794.87,,-0.65
KSE100,2013-01-02,16798.55,16809.86,16379.47,16489.99,,-1.82
KSE100,2013-01-03,16495.49,16602.64,16451.68,16588.54,,0.60
KSE100,2013-01-04,16588.27,16701.36,16588.27,16648.84,,0.36
KSE100,2013-01-07,16648.20,16648.20,16424.90,16502.65,,-0.88
KSE100,2013-01-08,16518.17,16655.13,16518.17,16645.76,,0.87
KSE100,2013-01-09,16657.09,16745.54,16649.14,16742.22,,0.58
KSE100,2013-01-10,16738.88,16741.34,16516.82,16529.92,,-1.27
KSE100,2013-01-11,16529.37,16684.39,16518.03,16634.71,,0.63
KSE100,2013-01-14,16624.46,16645.87,16514.35,16633.18,,-0.01
KSE100,2013-01-15,16623.26,16623.26,16047.96,16107.89,,-3.16
KSE100,2013-01-16,16106.60,16225.00,16036.31,16181.47,,0.46
KSE100,2013-01-17,16243.93,16435.39,16243.93,16291.09,,0.68
KSE100,2013-01-18,16497.65,16617.81,16497.65,16601.77,,1.91
KSE100,2013-01-21,16636.04,16682.33,16593.50,16640.81,,0.24
KSE100,2013-01-22,16643.43,16907.53,16643.43,16894.09,,1.52
KSE100,2013-01-23,16894.99,16949.32,16869.43,16908.67,,0.09
KSE100,2013-01-24,16920.84,17067.58,16920.84,17056.36,,0.87
KSE100,2013-01-28,17073.48,17124.33,16985.25,17004.99,,-0.30
KSE100,2013-01-29,17010.43,17180.04,16990.06,17172.04,,0.98
KSE100,2013-01-30,17181.33,17253.00,17167.00,17205.27,,0.19
KSE100,2013-01-31,17216.54,17274.93,17207.00,17242.74,,0.22
KSE100,2013-02-01,17245.68,17280.89,17216.30,17266.23,,0.14
KSE100,2013-02-04,17280.17,17312.15,17269.01,17288.07,,0.13
KSE100,2013-02-06,17319.26,17439.11,17319.26,17408.52,,0.70
KSE100,2013-02-07,17408.52,17486.36,17371.01,17383.32,,-0.14
KSE100,2013-02-08,17384.55,17499.59,17384.55,17477.94,,0.54
KSE100,2013-02-11,17498.17,17591.64,17494.77,17548.54,,0.40
KSE100,2013-02-12,17550.20,17658.21,17543.15,17611.40,,0.36
KSE100,2013-02-13,17638.28,17737.68,17635.19,17696.45,,0.48
KSE100,2013-02-14,17701.79,17777.68,17701.79,17765.82,,0.39
KSE100,2013-02-15,17793.55,17854.06,17729.22,17797.22,,0.18
KSE100,2013-02-18,17796.95,17914.43,17750.26,17865.61,,0.38
KSE100,2013-02-19,17867.05,17941.73,17786.83,17817.71,,-0.27
KSE100,2013-02-20,17835.07,17989.93,17835.07,17947.07,,0.73
KSE100,2013-02-21,17976.43,17993.05,17892.79,17921.02,,-0.15
KSE100,2013-02-22,17930.67,18085.53,17896.66,18074.27,,0.86
KSE100,2013-02-25,18112.37,18175.65,17972.58,18020.50,,-0.30
KSE100,2013-02-26,18038.24,18041.15,17819.48,17894.89,,-0.70
KSE100,2013-02-27,17908.47,18087.87,17876.56,18080.90,,1.04
KSE100,2013-02-28,18089.42,18217.83,18089.42,18173.67,,0.51
KSE100,2013-03-01,18199.35,18312.65,18160.16,18185.19,,0.06
KSE100,2013-03-04,18192.37,18209.86,18097.03,18133.13,,-0.29
KSE100,2013-03-05,18124.47,18199.99,17994.60,18035.97,,-0.54
KSE100,2013-03-06,18076.16,18171.40,17953.08,18000.45,,-0.20
KSE100,2013-03-07,18020.42,18120.85,17957.54,17992.91,,-0.04
KSE100,2013-03-08,17995.73,18041.74,17894.39,17964.18,,-0.16
KSE100,2013-03-11,17983.89,18059.09,17491.63,17522.56,,-2.46
KSE100,2013-03-12,17579.45,17886.29,17543.07,17872.85,,2.00
KSE100,2013-03-13,17901.15,17912.89,17716.38,17760.44,,-0.63
KSE100,2013-03-14,17777.55,17831.53,17725.23,17740.69,,-0.11
KSE100,2013-03-15,17731.09,17755.56,17628.39,17664.83,,-0.43
KSE100,2013-03-18,17634.48,17640.97,17388.51,17492.00,,-0.98
KSE100,2013-03-19,17493.88,17703.16,17493.88,17693.37,,1.15
KSE100,2013-03-20,17708.04,17771.63,17671.64,17753.97,,0.34
KSE100,2013-03-21,17778.96,17957.09,17775.67,17913.62,,0.90
KSE100,2013-03-22,17907.77,17975.84,17893.24,17963.11,,0.28
KSE100,2013-03-25,18001.29,18071.30,17917.62,17961.91,,-0.01
KSE100,2013-03-26,17971.47,17981.50,17846.52,17872.15,,-0.50
KSE100,2013-03-27,17918.83,18003.43,17892.54,17897.90,,0.14
KSE100,2013-03-28,17934.14,17978.50,17920.25,17947.76,,0.28
KSE100,2013-03-29,17959.44,18056.60,17959.44,18043.31,,0.53
KSE100,2013-04-01,18061.75,18327.11,18060.04,18272.11,,1.27
KSE100,2013-04-02,18332.59,18434.04,18321.28,18345.74,,0.40
KSE100,2013-04-03,18381.62,18590.25,18378.32,18575.88,,1.25
KSE100,2013-04-04,18592.83,18652.13,18545.89,18613.44,,0.20
KSE100,2013-04-05,18644.93,18717.67,18589.07,18636.03,,0.12
KSE100,2013-04-08,18644.09,18731.68,18638.80,18653.06,,0.09
KSE100,2013-04-09,18683.77,18732.94,18664.96,18713.61,,0.32
KSE100,2013-04-10,18737.57,18791.22,18710.91,18723.35,,0.05
KSE100,2013-04-11,18752.67,18789.68,18696.20,18764.55,,0.22
KSE100,2013-04-12,18772.51,18780.25,18652.72,18714.28,,-0.27
KSE100,2013-04-15,18727.92,18750.25,18500.72,18524.50,,-1.01
KSE100,2013-04-16,18487.46,18565.20,18333.27,18361.87,,-0.88
KSE100,2013-04-17,18378.19,18464.65,18207.38,18394.12,,0.18
KSE100,2013-04-18,18401.73,18649.84,18382.29,18614.36,,1.20
KSE100,2013-04-19,18618.46,18779.74,18610.13,18631.21,,0.09
KSE100,2013-04-22,18631.21,18697.00,18526.95,18605.55,,-0.14
KSE100,2013-04-23,18630.89,18710.55,18589.38,18647.29,,0.22
KSE100,2013-04-24,18671.37,18798.05,18670.56,18779.66,,0.71
KSE100,2013-04-25,18792.29,18928.87,18792.29,18885.60,,0.56
KSE100,2013-04-26,18907.53,18986.03,18889.77,18917.71,,0.17
KSE100,2013-04-29,18926.64,18926.64,18790.82,18822.85,,-0.50
KSE100,2013-04-30,18824.89,19005.46,18824.89,18982.42,,0.85
KSE100,2013-05-02,19003.14,19102.07,18996.20,19034.53,,0.27
KSE100,2013-05-03,19033.78,19240.69,19026.97,19226.63,,1.01
KSE100,2013-05-06,19260.59,19444.52,19222.57,19256.70,,0.16
KSE100,2013-05-07,19272.49,19298.65,19168.88,19262.74,,0.03
KSE100,2013-05-08,19281.20,19515.94,19281.20,19472.55,,1.09
KSE100,2013-05-09,19490.37,19736.25,19490.37,19661.46,,0.97
KSE100,2013-05-10,19772.03,19944.83,19749.90,19916.27,,1.30
KSE100,2013-05-13,19931.68,20303.26,19931.68,20244.82,,1.65
KSE100,2013-05-14,20251.19,20504.65,20251.19,20474.62,,1.14
KSE100,2013-05-15,20613.17,20647.46,20347.89,20566.69,,0.45
KSE100,2013-05-16,20617.09,20744.53,20390.80,20416.60,,-0.73
KSE100,2013-05-17,20417.54,20619.00,20417.54,20537.03,,0.59
KSE100,2013-05-20,20602.42,20835.29,20583.73,20814.14,,1.35
KSE100,2013-05-21,20913.55,21198.59,20913.23,21168.00,,1.70
KSE100,2013-05-22,21179.67,21484.06,21179.67,21458.90,,1.37
KSE100,2013-05-23,21514.29,21620.54,21301.81,21342.65,,-0.54
KSE100,2013-05-24,21345.41,21421.01,21270.24,21283.77,,-0.28
KSE100,2013-05-27,21297.64,21301.02,20917.04,20958.86,,-1.53
KSE100,2013-05-28,20970.60,21516.14,20970.60,21501.72,,2.59
KSE100,2013-05-29,21505.35,21711.69,21418.28,21441.12,,-0.28
KSE100,2013-05-30,21462.94,21682.17,21443.26,21590.66,,0.70
KSE100,2013-05-31,21601.80,21844.53,21601.80,21823.05,,1.08
KSE100,2013-06-03,21824.91,22156.49,21778.97,22080.85,,1.18
KSE100,2013-06-04,22084.78,22324.04,22084.78,22274.51,,0.88
KSE100,2013-06-05,22285.60,22422.46,22017.29,22092.42,,-0.82
KSE100,2013-06-06,22095.66,22337.59,21981.81,22276.70,,0.83
KSE100,2013-06-07,22348.75,22587.53,22327.27,22358.96,,0.37
KSE100,2013-06-10,22362.40,22450.13,22099.96,22150.74,,-0.93
KSE100,2013-06-11,22158.44,22297.30,22158.44,22209.07,,0.26
KSE100,2013-06-12,22203.55,22490.53,22203.55,22324.57,,0.52
KSE100,2013-06-13,22397.51,22833.20,22397.51,22757.72,,1.94
KSE100,2013-06-14,22798.45,22826.95,22515.39,22541.64,,-0.95
KSE100,2013-06-17,22585.96,22606.58,22188.71,22216.46,,-1.44
KSE100,2013-06-18,22235.18,22320.08,21846.46,21919.62,,-1.34
KSE100,2013-06-19,22065.72,22246.94,22059.25,22135.72,,0.99
KSE100,2013-06-20,22139.52,22312.46,21960.98,22015.04,,-0.55
KSE100,2013-06-21,22008.70,22008.70,21681.83,21698.35,,-1.44
KSE100,2013-06-24,21786.75,21835.72,20999.34,21048.08,,-3.00
KSE100,2013-06-25,20987.17,21266.01,20898.12,21110.34,,0.30
KSE100,2013-06-26,21122.53,21329.95,20940.22,21002.57,,-0.51
KSE100,2013-06-27,21043.86,21211.61,20959.64,21015.34,,0.06
KSE100,2013-06-28,21054.06,21171.47,20854.42,21005.69,,-0.05
KSE100,2013-07-01,21036.41,21381.62,20942.34,21363.16,,1.70
KSE100,2013-07-02,21400.75,21724.01,21400.75,21644.17,,1.32
KSE100,2013-07-03,21646.04,21828.53,21636.15,21802.86,,0.73
KSE100,2013-07-04,21857.59,22110.42,21853.18,21966.96,,0.75
KSE100,2013-07-05,22027.70,22237.44,22027.70,22178.34,,0.96
KSE100,2013-07-08,22235.62,22397.43,22216.44,22365.72,,0.84
KSE100,2013-07-09,22375.13,22757.93,22375.13,22721.22,,1.59
KSE100,2013-07-10,22722.89,23074.85,22648.15,22984.94,,1.16
KSE100,2013-07-11,23016.69,23049.65,22713.32,22747.13,,-1.03
KSE100,2013-07-12,22749.14,23070.85,22749.14,23037.32,,1.28
KSE100,2013-07-15,23133.04,23388.68,23125.32,23172.35,,0.59
KSE100,2013-07-16,23225.09,23264.00,23100.45,23160.89,,-0.05
KSE100,2013-07-17,23159.41,23320.35,22928.81,22994.72,,-0.72
KSE100,2013-07-18,22996.04,23156.75,22899.58,23114.97,,0.52
KSE100,2013-07-19,23136.88,23464.11,23136.88,23428.93,,1.36
KSE100,2013-07-22,23545.68,23760.70,23487.48,23657.81,,0.98
KSE100,2013-07-23,23686.39,23717.31,23573.53,23683.27,,0.11
KSE100,2013-07-24,23709.80,23944.99,23707.42,23776.22,,0.39
KSE100,2013-07-25,23838.48,23869.67,23549.61,23573.68,,-0.85
KSE100,2013-07-26,23607.32,23702.26,23456.74,23497.07,,-0.32
KSE100,2013-07-29,23523.11,23577.09,23288.70,23315.15,,-0.77
KSE100,2013-07-30,23345.18,23467.09,23129.16,23284.81,,-0.13
KSE100,2013-07-31,23369.37,23398.39,23210.83,23312.77,,0.12
KSE100,2013-08-01,23335.79,23399.35,23010.59,23091.86,,-0.95
KSE100,2013-08-05,23102.16,23123.35,22302.02,22701.30,,-1.69
KSE100,2013-08-06,22715.83,22967.47,22547.51,22621.93,,-0.35
KSE100,2013-08-07,22649.46,23275.55,22591.87,23237.19,,2.72
KSE100,2013-08-12,23242.68,23470.05,23194.96,23437.99,,0.86
KSE100,2013-08-13,23464.24,23658.01,23448.53,23613.20,,0.75
KSE100,2013-08-15,23619.17,23748.50,23492.65,23687.89,,0.32
KSE100,2013-08-16,23676.19,23820.22,23623.41,23673.30,,-0.06
KSE100,2013-08-19,23687.79,23702.87,23439.81,23600.23,,-0.31
KSE100,2013-08-20,23603.41,23808.18,23442.93,23487.23,,-0.48
KSE100,2013-08-21,23489.38,23489.38,22977.76,23015.27,,-2.01
KSE100,2013-08-22,23048.34,23099.67,22540.56,22714.32,,-1.31
KSE100,2013-08-23,22722.02,22937.12,22583.26,22714.68,,0.00
KSE100,2013-08-26,22825.37,23134.30,22825.37,22922.24,,0.91
KSE100,2013-08-27,23016.81,23062.46,22478.94,22523.71,,-1.74
KSE100,2013-08-28,22517.01,22517.01,21929.15,22236.33,,-1.28
KSE100,2013-08-29,22258.50,22350.89,22050.76,22214.73,,-0.10
KSE100,2013-08-30,22216.02,22346.62,21989.27,22160.85,,-0.24
KSE100,2013-09-02,22130.87,22130.87,21679.30,21724.68,,-1.97
KSE100,2013-09-03,21698.48,22082.81,21634.83,21808.48,,0.39
KSE100,2013-09-04,21856.38,21964.66,21770.33,21875.83,,0.31
KSE100,2013-09-05,21964.12,22503.89,21920.76,22451.46,,2.63
KSE100,2013-09-06,22491.18,22839.62,22491.18,22765.87,,1.40
KSE100,2013-09-09,22768.84,22997.94,22768.84,22838.84,,0.32
KSE100,2013-09-10,22901.69,23091.65,22901.69,22992.17,,0.67
KSE100,2013-09-11,23016.75,23261.63,22948.26,23231.68,,1.04
KSE100,2013-09-12,23243.68,23379.70,23167.36,23222.21,,-0.04
KSE100,2013-09-13,23223.68,23268.04,23139.61,23168.04,,-0.23
KSE100,2013-09-16,23175.56,23323.67,23083.24,23242.68,,0.32
KSE100,2013-09-17,23279.42,23380.36,23013.02,23066.50,,-0.76
KSE100,2013-09-18,23067.05,23110.52,22818.17,22930.06,,-0.59
KSE100,2013-09-19,22978.66,23503.24,22966.74,23456.98,,2.30
KSE100,2013-09-20,23471.78,23663.20,23407.99,23595.61,,0.59
KSE100,2013-09-23,23585.26,23680.37,23516.08,23639.97,,0.19
KSE100,2013-09-24,23680.39,23726.90,23027.22,23088.49,,-2.33
KSE100,2013-09-25,23093.72,23219.35,22794.64,23060.90,,-0.12
KSE100,2013-09-26,23106.97,23136.01,22516.64,22780.82,,-1.21
KSE100,2013-09-27,22858.30,22929.65,22317.18,22387.31,,-1.73
KSE100,2013-09-30,22149.16,22149.16,21669.63,21832.68,,-2.48
KSE100,2013-10-01,21782.03,22018.76,21497.19,21980.42,,0.68
KSE100,2013-10-02,21985.83,22290.02,21985.83,22189.67,,0.95
KSE100,2013-10-03,22190.49,22294.73,22086.31,22152.35,,-0.17
KSE100,2013-10-04,22166.85,22331.51,22064.71,22085.96,,-0.30
KSE100,2013-10-07,22092.18,22104.37,21842.51,21864.85,,-1.00
KSE100,2013-10-08,21874.38,22095.08,21846.37,22080.47,,0.99
KSE100,2013-10-09,22092.82,22150.30,21632.32,21657.22,,-1.92
KSE100,2013-10-10,21653.31,21734.67,21476.32,21674.98,,0.08
KSE100,2013-10-11,21711.66,21944.85,21711.66,21775.39,,0.46
KSE100,2013-10-14,21796.77,21815.17,21596.11,21599.78,,-0.81
KSE100,2013-10-21,21615.68,21979.37,21615.68,21754.95,,0.72
KSE100,2013-10-22,21762.90,22283.70,21749.07,22230.43,,2.19
KSE100,2013-10-23,22383.98,22539.36,22325.63,22347.29,,0.53
KSE100,2013-10-24,22364.46,22472.51,22274.60,22360.85,,0.06
KSE100,2013-10-25,22357.08,22578.96,22321.04,22445.59,,0.38
KSE100,2013-10-28,22442.88,22601.07,22281.12,22353.20,,-0.41
KSE100,2013-10-29,22360.33,22461.05,22240.98,22276.65,,-0.34
KSE100,2013-10-30,22287.10,22399.74,22273.06,22310.59,,0.15
KSE100,2013-10-31,22319.58,22820.11,22232.00,22775.85,,2.09
KSE100,2013-11-01,22774.71,23013.46,22602.87,22649.09,,-0.56
KSE100,2013-11-04,22490.50,22490.50,22199.72,22377.83,,-1.20
KSE100,2013-11-05,22412.19,22833.92,22411.73,22790.70,,1.84
KSE100,2013-11-06,22802.58,23218.72,22802.58,23165.21,132130000,1.64
KSE100,2013-11-07,23224.92,23350.13,23113.89,23220.21,120210000,0.24
KSE100,2013-11-08,23208.79,23392.11,23152.99,23367.15,98150000,0.63
KSE100,2013-11-11,23371.83,23588.52,23364.48,23381.08,158190000,0.06
KSE100,2013-11-12,23385.03,23530.76,23274.77,23302.46,129139999,-0.34
KSE100,2013-11-13,23276.92,23312.65,23146.83,23287.06,91590000,-0.07
KSE100,2013-11-18,23312.67,23675.31,23312.67,23611.24,135400000,1.39
KSE100,2013-11-19,23628.07,23880.08,23628.07,23819.43,173190000,0.88
KSE100,2013-11-20,23857.42,24007.12,23775.77,23800.97,191210000,-0.08
KSE100,2013-11-21,23813.63,23914.56,23732.10,23784.18,106150000,-0.07
KSE100,2013-11-22,23809.55,23874.82,23702.85,23847.57,97090000,0.27
KSE100,2013-11-25,23908.48,24089.85,23906.73,23978.29,112760000,0.55
KSE100,2013-11-26,23997.36,23997.36,23745.73,23798.70,93190000,-0.75
KSE100,2013-11-27,23784.98,23849.01,23683.53,23768.35,74450000,-0.13
KSE100,2013-11-28,23817.88,24204.48,23817.88,24180.49,120790000,1.73
KSE100,2013-11-29,24195.75,24338.89,24178.07,24302.19,111290000,0.50
KSE100,2013-12-02,24337.76,24461.79,24318.16,24401.57,119090000,0.41
KSE100,2013-12-03,24453.62,24618.69,24453.62,24588.47,138600000,0.77
KSE100,2013-12-04,24616.44,24750.13,24427.89,24445.38,147560000,-0.58
KSE100,2013-12-05,24466.00,24866.04,24447.13,24800.69,140980000,1.45
KSE100,2013-12-06,24855.34,25007.66,24808.83,24870.55,194680000,0.28
KSE100,2013-12-09,24875.26,25125.81,24875.26,24998.89,103610000,0.52
KSE100,2013-12-10,25070.49,25102.14,24852.47,24878.68,108320000,-0.48
KSE100,2013-12-11,24912.21,25020.17,24912.21,24972.90,116570000,0.38
KSE100,2013-12-12,25033.99,25103.41,24917.52,25072.00,135910000,0.40
KSE100,2013-12-13,25088.49,25285.62,25088.49,25256.69,220240000,0.74
KSE100,2013-12-16,25290.85,25407.48,25262.65,25298.32,189110000,0.16
KSE100,2013-12-17,25313.56,25399.20,25193.67,25350.20,194490000,0.21
KSE100,2013-12-18,25393.57,25551.09,25383.86,25524.46,187450000,0.69
KSE100,2013-12-19,25530.75,25711.23,25399.45,25472.64,173750000,-0.20
KSE100,2013-12-20,25474.75,25639.94,25392.89,25579.33,149540000,0.42
KSE100,2013-12-23,25596.58,25631.48,25340.04,25417.63,114000000,-0.63
KSE100,2013-12-24,25431.40,25469.78,25182.92,25366.69,104430000,-0.20
KSE100,2013-12-26,25399.98,25497.58,25348.44,25370.03,108670000,0.01
KSE100,2013-12-27,25375.03,25415.06,25229.55,25258.05,113880000,-0.44
KSE100,2013-12-30,25270.02,25378.82,25194.69,25283.96,132740000,0.10
KSE100,2013-12-31,25299.97,25319.58,25219.08,25261.14,87390000,-0.09
KSE100,2014-01-01,25273.11,25628.41,25273.11,25608.85,198350000,1.38
KSE100,2014-01-02,25615.12,25978.71,25615.12,25962.18,257120000,1.38
KSE100,2014-01-03,25968.76,26136.28,25968.76,26046.71,170700000,0.33
KSE100,2014-01-06,26065.70,26299.69,26059.44,26169.83,149220000,0.47
KSE100,2014-01-07,26181.97,26289.33,26051.19,26259.57,200620000,0.34
KSE100,2014-01-08,26261.37,26428.11,26261.37,26341.08,188890000,0.31
KSE100,2014-01-09,26365.40,26566.73,26306.01,26373.24,250510000,0.12
KSE100,2014-01-10,26374.06,26519.59,26270.32,26488.32,139380000,0.44
KSE100,2014-01-13,26512.19,26632.90,26505.14,26590.69,108150000,0.39
KSE100,2014-01-15,26627.07,26876.63,26627.07,26761.78,198430000,0.64
KSE100,2014-01-16,26770.68,26900.65,26629.84,26730.24,226040000,-0.12
KSE100,2014-01-17,26810.04,26973.11,26810.04,26913.85,235860000,0.69
KSE100,2014-01-20,26928.07,27069.59,26835.95,27000.95,177200000,0.32
KSE100,2014-01-21,27012.55,27180.72,27012.55,27104.70,166490000,0.38
KSE100,2014-01-22,27112.80,27213.21,26948.78,27015.12,243790000,-0.33
KSE100,2014-01-23,27027.86,27204.54,26997.86,27064.34,248180000,0.18
KSE100,2014-01-24,27077.99,27097.10,26868.04,27002.89,143330000,-0.23
KSE100,2014-01-27,27004.45,27051.49,26586.17,26670.60,126760000,-1.23
KSE100,2014-01-28,26672.65,26796.22,26635.70,26653.73,163820000,-0.06
KSE100,2014-01-29,26654.39,26721.61,26476.24,26595.63,161880000,-0.22
KSE100,2014-01-30,26595.63,26674.26,26521.88,26607.64,183810000,0.05
KSE100,2014-01-31,26607.80,26853.51,26607.80,26784.34,194270000,0.66
KSE100,2014-02-03,26789.16,27015.03,26789.16,26946.10,182300000,0.60
KSE100,2014-02-04,26948.18,26948.18,26677.95,26751.45,185350000,-0.72
KSE100,2014-02-06,26777.14,26906.45,26752.40,26862.51,145150000,0.42
KSE100,2014-02-07,26879.90,26925.40,26640.44,26681.78,165590000,-0.67
KSE100,2014-02-10,26720.05,26741.56,26073.85,26255.21,168600000,-1.60
KSE100,2014-02-11,26274.72,26372.56,26108.74,26240.41,144530000,-0.06
KSE100,2014-02-12,26239.73,26708.30,26239.73,26677.27,171240000,1.66
KSE100,2014-02-13,26683.59,26860.83,26511.58,26541.26,148500000,-0.51
KSE100,2014-02-14,26562.69,26618.17,26371.69,26394.13,98330000,-0.55
KSE100,2014-02-17,26393.16,26399.70,25930.19,26003.89,97350000,-1.48
KSE100,2014-02-18,25976.64,26066.71,25572.98,25884.38,151530000,-0.46
KSE100,2014-02-19,25887.99,25991.51,25667.81,25686.93,122830000,-0.76
KSE100,2014-02-20,25689.36,25719.56,25442.79,25506.80,130229999,-0.70
KSE100,2014-02-21,25507.71,25715.68,25385.15,25603.35,163510000,0.38
KSE100,2014-02-24,25625.12,25895.16,25625.12,25773.81,162730000,0.67
KSE100,2014-02-25,25780.57,25804.17,25528.58,25559.61,98580000,-0.83
KSE100,2014-02-26,25557.50,25652.41,25490.62,25500.50,94830000,-0.23
KSE100,2014-02-27,25514.40,25615.25,25385.83,25478.93,87970000,-0.08
KSE100,2014-02-28,25500.38,25880.55,25477.36,25783.28,156310000,1.19
KSE100,2014-03-03,25922.21,26044.81,25803.50,25853.54,142310000,0.27
KSE100,2014-03-04,25853.88,26223.44,25772.78,26209.38,189960000,1.38
KSE100,2014-03-05,26188.47,26539.31,26186.51,26521.99,210640000,1.19
KSE100,2014-03-06,26525.24,26883.07,26525.24,26842.53,189540000,1.21
KSE100,2014-03-07,26854.81,26979.01,26800.78,26892.23,156840000,0.19
KSE100,2014-03-10,26894.02,27220.51,26834.55,27176.26,165740000,1.06
KSE100,2014-03-11,27177.72,27351.97,27177.72,27309.02,217030000,0.49
KSE100,2014-03-12,27348.30,27427.04,27080.47,27115.20,207550000,-0.71
KSE100,2014-03-13,27143.94,27198.78,27040.99,27083.12,187530000,-0.12
KSE100,2014-03-14,27083.15,27199.01,27065.37,27124.47,195800000,0.15
KSE100,2014-03-17,27133.96,27316.53,27133.96,27229.10,153020000,0.39
KSE100,2014-03-18,27235.99,27371.01,27235.76,27246.97,128990000,0.07
KSE100,2014-03-19,27248.70,27365.85,27200.22,27258.68,179320000,0.04
KSE100,2014-03-20,27264.57,27366.69,27045.58,27148.52,133509999,-0.40
KSE100,2014-03-21,27164.42,27210.00,26684.89,26765.49,125970000,-1.41
KSE100,2014-03-24,26696.69,26704.39,26378.36,26391.41,85750000,-1.40
KSE100,2014-03-25,26426.57,26693.00,26426.57,26670.14,80650000,1.06
KSE100,2014-03-26,26696.38,26851.65,26696.38,26821.92,79330000,0.57
KSE100,2014-03-27,26864.36,27216.12,26864.36,27165.49,174940000,1.28
KSE100,2014-03-28,27225.33,27300.03,27088.39,27116.13,128789999,-0.18
KSE100,2014-03-31,27155.41,27252.67,27062.83,27159.91,88880000,0.16
KSE100,2014-04-01,27200.08,27595.64,27200.08,27565.50,150210000,1.49
KSE100,2014-04-02,27639.96,27961.35,27639.96,27932.02,164600000,1.33
KSE100,2014-04-03,28013.55,28386.11,28013.55,28336.36,312790000,1.45
KSE100,2014-04-04,28385.81,28481.48,28289.40,28408.03,327560000,0.25
KSE100,2014-04-07,28459.06,28625.35,28361.75,28578.96,190780000,0.60
KSE100,2014-04-08,28583.82,28817.28,28574.79,28653.37,237450000,0.26
KSE100,2014-04-09,28642.18,28961.02,28573.65,28941.01,236390000,1.00
KSE100,2014-04-10,28979.75,29276.24,28979.75,29250.54,247300000,1.07
KSE100,2014-04-11,29295.29,29491.62,29066.25,29249.44,225130000,0.00
KSE100,2014-04-14,29250.98,29376.37,29049.24,29094.12,202040000,-0.53
KSE100,2014-04-15,29114.74,29177.15,28854.78,29095.77,257130000,0.01
KSE100,2014-04-16,29099.63,29474.76,29099.63,29458.15,279020000,1.25
KSE100,2014-04-17,29503.43,29669.95,29066.08,29350.34,368270000,-0.37
KSE100,2014-04-18,29429.12,29578.33,29022.59,29069.93,186890000,-0.96
KSE100,2014-04-21,29078.58,29121.85,28814.21,28878.77,117240000,-0.66
KSE100,2014-04-22,28936.75,29239.59,28936.75,29191.84,145000000,1.08
KSE100,2014-04-23,29239.62,29350.21,28594.86,28717.19,190620000,-1.63
KSE100,2014-04-24,28757.44,28905.71,28633.91,28786.74,126280000,0.24
KSE100,2014-04-25,28817.03,28872.65,28660.86,28850.08,130490000,0.22
KSE100,2014-04-28,28858.12,28926.95,28680.47,28691.62,112710000,-0.55
KSE100,2014-04-29,28735.47,28735.47,28288.44,28436.59,130520000,-0.89
KSE100,2014-04-30,28449.14,28939.74,28449.14,28912.98,193030000,1.68
KSE100,2014-05-02,28917.74,29157.39,28868.09,28921.13,138890000,0.03
KSE100,2014-05-05,28926.70,28957.33,28520.48,28629.63,111270000,-1.01
KSE100,2014-05-06,28634.04,28652.56,28339.24,28383.20,82180000,-0.86
KSE100,2014-05-07,28383.30,28509.21,28297.93,28330.03,98050000,-0.19
KSE100,2014-05-08,28332.44,28530.44,28286.24,28511.02,76400000,0.64
KSE100,2014-05-09,28550.87,28670.38,28438.71,28494.54,80190000,-0.06
KSE100,2014-05-12,28494.54,28628.88,28324.56,28343.88,51410000,-0.53
KSE100,2014-05-13,28343.88,28486.71,28306.55,28411.49,86090000,0.24
KSE100,2014-05-14,28441.94,28653.95,28424.90,28528.19,57200000,0.41
KSE100,2014-05-15,28546.25,28944.07,28546.25,28843.02,174970000,1.10
KSE100,2014-05-16,28926.43,29032.28,28854.18,28883.33,94690000,0.14
KSE100,2014-05-19,28902.41,28968.81,28842.81,28951.38,66090000,0.24
KSE100,2014-05-20,28965.09,29030.95,28793.15,28842.92,80970000,-0.37
KSE100,2014-05-21,28848.94,28967.46,28738.04,28760.12,171170000,-0.29
KSE100,2014-05-22,28769.26,28928.25,28716.73,28741.55,95830000,-0.06
KSE100,2014-05-23,28757.96,28843.34,28719.39,28756.00,68690000,0.05
KSE100,2014-05-26,28755.14,29040.86,28755.14,29020.48,71280000,0.92
KSE100,2014-05-27,29024.96,29175.69,29016.95,29048.21,122510000,0.10
KSE100,2014-05-28,29057.99,29142.79,28963.38,28987.32,142970000,-0.21
KSE100,2014-05-29,29032.24,29602.61,29029.22,29543.58,250510000,1.92
KSE100,2014-05-30,29632.38,29854.76,29611.39,29737.69,240940000,0.66
KSE100,2014-06-02,29732.79,29925.61,29574.98,29789.85,194530000,0.18
KSE100,2014-06-03,29799.66,29938.93,29003.58,29504.98,221340000,-0.96
KSE100,2014-06-04,29524.93,29649.25,29328.29,29452.23,175660000,-0.18
KSE100,2014-06-05,29486.75,29695.88,29332.79,29417.20,167530000,-0.12
KSE100,2014-06-06,29422.21,29720.55,29422.21,29509.11,144840000,0.31
KSE100,2014-06-09,29559.30,29689.00,29442.72,29472.52,90110000,-0.12
KSE100,2014-06-10,29511.44,29641.21,29432.41,29540.72,174540000,0.23
KSE100,2014-06-11,29573.83,29842.52,29573.83,29783.30,233410000,0.82
KSE100,2014-06-12,29784.58,29859.79,29718.06,29766.38,137200000,-0.06
KSE100,2014-06-13,29775.35,29845.86,29713.68,29730.86,134250000,-0.12
KSE100,2014-06-16,29733.69,29780.79,29626.57,29651.04,83810000,-0.27
KSE100,2014-06-17,29666.18,29787.27,29296.55,29324.60,88470000,-1.10
KSE100,2014-06-18,29430.77,29479.92,29140.52,29157.98,108130000,-0.57
KSE100,2014-06-19,29159.17,29212.99,28553.91,28674.37,138960000,-1.66
KSE100,2014-06-20,28667.65,28841.39,28623.99,28691.84,90570000,0.06
KSE100,2014-06-23,28650.47,29008.04,28518.45,28999.03,96050000,1.07
KSE100,2014-06-24,29010.76,29094.05,28956.36,29057.44,118440000,0.20
KSE100,2014-06-25,29054.73,29207.57,28922.03,28981.34,141230000,-0.26
KSE100,2014-06-26,29060.60,29203.74,29031.76,29188.53,115470000,0.71
KSE100,2014-06-27,29213.78,29374.13,29073.43,29343.76,99710000,0.53
KSE100,2014-06-30,29446.02,29722.12,29330.21,29652.53,125570000,1.05
KSE100,2014-07-01,29691.61,29805.97,29648.13,29701.58,61060000,0.17
KSE100,2014-07-02,29718.93,29799.40,29603.15,29676.80,85280000,-0.08
KSE100,2014-07-03,29685.39,29752.01,29611.39,29697.79,50200000,0.07
KSE100,2014-07-04,29712.28,29766.92,29595.48,29619.84,47810000,-0.26
KSE100,2014-07-07,29631.76,29645.70,29496.23,29528.96,53000000,-0.31
KSE100,2014-07-08,29539.87,29547.11,29411.88,29497.57,41380000,-0.11
KSE100,2014-07-09,29501.56,29524.06,29454.87,29477.29,27030000,-0.07
KSE100,2014-07-10,29484.15,29484.15,29298.67,29353.12,46220000,-0.42
KSE100,2014-07-11,29359.94,29383.30,29298.59,29318.06,40100000,-0.12
KSE100,2014-07-14,29321.88,29731.38,29312.00,29705.07,61060000,1.32
KSE100,2014-07-15,29744.38,29813.41,29674.22,29683.97,67350000,-0.07
KSE100,2014-07-16,29686.05,29832.90,29655.39,29776.17,83490000,0.31
KSE100,2014-07-17,29818.45,30202.97,29818.45,30177.11,152930000,1.35
KSE100,2014-07-18,30195.38,30273.53,30138.90,30224.89,102760000,0.16
KSE100,2014-07-21,30278.60,30493.33,30278.60,30413.23,158460000,0.62
KSE100,2014-07-22,30436.48,30476.36,30336.06,30402.09,110620000,-0.04
KSE100,2014-07-23,30432.26,30615.73,30432.26,30465.43,92400000,0.21
KSE100,2014-07-24,30488.49,30639.78,30395.62,30474.75,183700000,0.03
KSE100,2014-07-28,30485.28,30494.01,30217.40,30314.07,83370000,-0.53
KSE100,2014-08-04,30217.12,30217.12,29435.84,29647.83,181740000,-2.20
KSE100,2014-08-05,29668.81,29851.24,29620.60,29676.41,96270000,0.10
KSE100,2014-08-06,29654.56,29656.74,29299.18,29382.97,67180000,-0.99
KSE100,2014-08-07,29399.39,29553.89,29256.14,29537.04,81240000,0.52
KSE100,2014-08-08,29551.29,29631.43,29367.43,29380.50,45870000,-0.53
KSE100,2014-08-11,29246.28,29246.28,28037.37,28071.41,163400000,-4.46
KSE100,2014-08-12,28011.99,28466.79,27519.36,28304.50,168610000,0.83
KSE100,2014-08-13,28268.96,28636.13,28193.35,28505.55,96450000,0.71
KSE100,2014-08-15,28620.86,28941.11,28555.64,28917.75,73840000,1.45
KSE100,2014-08-18,28852.88,29169.21,28681.35,28852.15,87110000,-0.23
KSE100,2014-08-19,28815.48,28815.48,28286.19,28630.12,101090000,-0.77
KSE100,2014-08-20,28486.98,28894.66,28435.12,28664.84,107780000,0.12
KSE100,2014-08-21,28690.77,29240.18,28690.77,28865.25,101160000,0.70
KSE100,2014-08-22,28877.41,29024.25,28814.74,28871.75,37290000,0.02
KSE100,2014-08-25,28864.81,28864.81,28496.26,28519.34,47200000,-1.22
KSE100,2014-08-26,28524.52,28609.94,28215.28,28243.59,49670000,-0.97
KSE100,2014-08-27,28246.63,28307.77,27584.85,27811.35,94800000,-1.53
KSE100,2014-08-28,27697.13,27866.32,27354.12,27774.43,85160000,-0.13
KSE100,2014-08-29,28338.48,28838.01,28242.81,28567.74,143740000,2.86
KSE100,2014-09-01,28524.07,28577.02,28181.69,28493.74,89780000,-0.26
KSE100,2014-09-02,28620.56,29284.64,28620.56,29260.29,131870000,2.69
KSE100,2014-09-03,29408.68,29651.64,29349.78,29595.55,136300000,1.15
KSE100,2014-09-04,29600.98,29774.28,29524.20,29604.30,128680000,0.03
KSE100,2014-09-05,29605.23,29659.35,29467.97,29513.78,95110000,-0.31
KSE100,2014-09-08,29530.13,29728.41,29530.13,29585.60,49060000,0.24
KSE100,2014-09-09,29621.60,29868.19,29621.60,29728.91,71480000,0.48
KSE100,2014-09-10,29730.80,29816.20,29665.90,29691.31,56340000,-0.13
KSE100,2014-09-11,29702.24,29905.83,29682.91,29858.37,86820000,0.56
KSE100,2014-09-12,29891.37,30147.05,29889.40,30044.89,104320000,0.62
KSE100,2014-09-15,30044.87,30095.19,29890.36,30070.13,68540000,0.08
KSE100,2014-09-16,30101.55,30276.05,30027.13,30180.30,146820000,0.37
KSE100,2014-09-17,30184.60,30266.78,30048.70,30136.57,108690000,-0.14
KSE100,2014-09-18,30148.86,30191.74,30047.01,30094.16,131490000,-0.14
KSE100,2014-09-19,30104.66,30184.79,29974.22,30015.80,70310000,-0.26
KSE100,2014-09-22,30047.29,30110.70,29982.73,29993.87,41210000,-0.07
KSE100,2014-09-23,29974.29,30200.14,29955.60,30143.77,82470000,0.50
KSE100,2014-09-24,30144.91,30340.74,30082.57,30095.80,103680000,-0.16
KSE100,2014-09-25,30095.47,30167.13,29849.37,29940.27,71900000,-0.52
KSE100,2014-09-26,29973.56,30039.06,29666.91,29705.65,86490000,-0.78
KSE100,2014-09-29,29693.43,29693.43,29336.35,29383.13,47070000,-1.09
KSE100,2014-09-30,29389.99,29745.11,29376.31,29726.39,60390000,1.17
KSE100,2014-10-01,29727.80,30001.30,29727.80,29996.61,72100000,0.91
KSE100,2014-10-02,30150.93,30150.93,30038.64,30071.58,107310000,0.25
KSE100,2014-10-03,30085.99,30179.30,30041.60,30103.23,56760000,0.11
KSE100,2014-10-09,30115.13,30123.03,29964.20,29978.94,52510000,-0.41
KSE100,2014-10-10,29985.00,30191.15,29955.09,30158.63,107520000,0.60
KSE100,2014-10-13,30220.59,30444.35,30218.90,30394.41,123550000,0.78
KSE100,2014-10-14,30396.97,30518.32,30338.63,30355.22,118620000,-0.13
KSE100,2014-10-15,30392.13,30403.51,30044.21,30120.99,103410000,-0.77
KSE100,2014-10-16,30124.28,30195.61,29943.67,29982.45,80320000,-0.46
KSE100,2014-10-17,29992.15,30162.64,29839.36,29883.10,84660000,-0.33
KSE100,2014-10-20,29922.38,29925.18,29672.97,29711.12,59830000,-0.58
KSE100,2014-10-21,29751.27,29928.11,29640.34,29694.27,71040000,-0.06
KSE100,2014-10-22,29802.81,30025.82,29802.81,29940.39,110960000,0.83
KSE100,2014-10-23,29956.33,30049.22,29938.26,30025.13,108460000,0.28
KSE100,2014-10-24,30048.90,30242.17,30048.90,30098.49,113370000,0.24
KSE100,2014-10-27,30131.49,30253.85,30113.32,30238.96,90050000,0.47
KSE100,2014-10-28,30273.44,30367.69,30198.17,30225.62,101470000,-0.04
KSE100,2014-10-29,30288.21,30349.45,30083.60,30113.24,169320000,-0.37
KSE100,2014-10-30,30139.06,30259.75,30103.91,30204.09,81190000,0.30
KSE100,2014-10-31,30271.69,30384.21,30205.90,30376.53,74530000,0.57
KSE100,2014-11-05,30398.05,30704.95,30398.05,30593.31,133850000,0.71
KSE100,2014-11-06,30626.75,30821.29,30614.40,30663.78,211620000,0.23
KSE100,2014-11-07,30693.70,30999.71,30672.31,30930.04,158280000,0.87
KSE100,2014-11-10,30954.56,31395.01,30954.56,31281.83,195450000,1.14
KSE100,2014-11-11,31286.73,31372.16,31233.37,31303.63,130940000,0.07
KSE100,2014-11-12,31327.83,31746.54,31327.83,31629.20,201460000,1.04
KSE100,2014-11-13,31648.96,31855.83,31391.65,31441.82,160840000,-0.59
KSE100,2014-11-14,31448.13,31494.96,31293.97,31344.07,147140000,-0.31
KSE100,2014-11-17,31381.04,31765.91,31381.04,31702.79,172780000,1.14
KSE100,2014-11-18,31765.02,32021.99,31661.88,32006.40,212120000,0.96
KSE100,2014-11-19,32072.32,32224.79,31697.78,31756.29,187620000,-0.78
KSE100,2014-11-20,31760.80,31760.80,31026.52,31239.04,180060000,-1.63
KSE100,2014-11-21,31257.68,31545.27,31257.68,31494.84,89550000,0.82
KSE100,2014-11-24,31498.35,31615.59,31303.10,31316.96,115760000,-0.56
KSE100,2014-11-25,31314.97,31314.97,30943.32,31223.74,103080000,-0.30
KSE100,2014-11-26,31241.66,31534.90,31181.65,31454.47,145710000,0.74
KSE100,2014-11-27,31480.18,31545.14,31227.07,31270.10,117330000,-0.59
KSE100,2014-11-28,31270.81,31282.59,31075.48,31197.98,166380000,-0.23
KSE100,2014-12-01,31188.24,31441.22,31139.40,31299.72,238690000,0.33
KSE100,2014-12-02,31425.11,31721.83,31425.11,31680.72,201900000,1.22
KSE100,2014-12-03,31709.37,31932.06,31709.37,31872.73,257480000,0.61
KSE100,2014-12-04,31910.63,32236.52,31910.63,32090.93,270540000,0.68
KSE100,2014-12-05,32100.45,32315.56,32086.01,32148.78,194560000,0.18
KSE100,2014-12-08,32152.96,32206.12,31979.63,32010.33,120380000,-0.43
KSE100,2014-12-09,32010.76,32098.60,31815.83,32084.16,209730000,0.23
KSE100,2014-12-10,32108.98,32186.06,31760.72,31781.65,173170000,-0.94
KSE100,2014-12-11,31841.93,32076.33,31755.28,31779.75,156840000,-0.01
KSE100,2014-12-12,31748.20,31748.20,31543.29,31589.82,133560000,-0.60
KSE100,2014-12-15,31586.63,31720.94,31509.78,31690.10,144750000,0.32
KSE100,2014-12-16,31688.27,31716.79,30808.39,30876.28,186130000,-2.57
KSE100,2014-12-17,30894.29,31141.13,30562.27,30667.14,143460000,-0.68
KSE100,2014-12-18,30708.38,31152.94,30708.38,30827.45,126780000,0.52
KSE100,2014-12-19,30859.11,31034.79,30756.22,31011.15,90680000,0.60
KSE100,2014-12-22,31080.50,31597.63,31080.50,31491.62,131699999,1.55
KSE100,2014-12-23,31531.04,31770.09,31490.67,31750.38,169850000,0.82
KSE100,2014-12-24,31807.63,32019.45,31807.63,32000.01,200250000,0.79
KSE100,2014-12-26,32068.63,32141.74,31933.30,31993.01,151930000,-0.02
KSE100,2014-12-29,31999.89,32075.63,31888.78,31906.74,142480000,-0.27
KSE100,2014-12-30,31921.52,31988.96,31765.31,31953.90,146940000,0.15
KSE100,2014-12-31,31971.05,32192.77,31971.05,32131.28,145790000,0.56
KSE100,2015-01-01,32148.65,32503.81,32134.82,32503.80,157340000,1.16
KSE100,2015-01-02,32531.80,32776.39,32465.49,32731.61,235200000,0.70
KSE100,2015-01-05,32751.46,32866.40,32664.15,32757.79,248960000,0.08
KSE100,2015-01-06,32713.51,32834.43,32558.70,32668.73,173640000,-0.27
KSE100,2015-01-07,32685.41,32906.17,32639.84,32835.94,175310000,0.51
KSE100,2015-01-08,32887.82,33142.93,32887.82,33117.47,188420000,0.86
KSE100,2015-01-09,33163.45,33473.55,33163.45,33324.82,230180000,0.63
KSE100,2015-01-12,33341.54,33513.92,33339.28,33418.20,150020000,0.28
KSE100,2015-01-13,33423.82,33423.82,33167.95,33371.29,138600000,-0.14
KSE100,2015-01-14,33403.95,33628.22,33403.95,33585.75,217290000,0.64
KSE100,2015-01-15,33688.29,33941.51,33688.29,33765.61,220160000,0.54
KSE100,2015-01-16,33771.50,33954.88,33724.65,33786.44,215170000,0.06
KSE100,2015-01-19,33790.56,34120.92,33790.56,34014.26,174970000,0.67
KSE100,2015-01-20,34046.63,34185.48,33893.17,34121.30,194950000,0.31
KSE100,2015-01-21,34133.62,34395.19,34133.62,34329.50,241030000,0.61
KSE100,2015-01-22,34342.29,34414.81,34101.44,34146.97,212300000,-0.53
KSE100,2015-01-23,34149.10,34194.93,33978.30,34026.59,138100000,-0.35
KSE100,2015-01-26,34058.45,34589.28,34058.45,34466.53,249090000,1.29
KSE100,2015-01-27,34530.36,34626.87,34383.74,34538.45,255710000,0.21
KSE100,2015-01-28,34535.31,34621.54,34353.78,34386.86,162990000,-0.44
KSE100,2015-01-29,34398.41,34502.19,34368.25,34408.73,147270000,0.06
KSE100,2015-01-30,34446.56,34620.53,34348.47,34443.87,274970000,0.10
KSE100,2015-02-02,34476.00,34733.27,34476.00,34676.31,234970000,0.67
KSE100,2015-02-03,34709.75,34844.80,34633.88,34826.51,201110000,0.43
KSE100,2015-02-04,34940.58,35055.94,34595.30,34672.25,230120000,-0.44
KSE100,2015-02-06,34718.11,34844.20,34619.57,34656.94,165610000,-0.04
KSE100,2015-02-09,34697.71,34787.29,34556.08,34570.30,182410000,-0.25
KSE100,2015-02-10,34621.30,34731.94,34181.02,34432.89,151280000,-0.40
KSE100,2015-02-11,34435.51,34564.56,34160.47,34203.99,160030000,-0.66
KSE100,2015-02-12,34191.23,34237.14,33493.52,33786.42,212570000,-1.22
KSE100,2015-02-13,33825.45,34123.78,33784.58,33943.20,159540000,0.46
KSE100,2015-02-16,33943.20,34031.80,33633.32,33796.44,102810000,-0.43
KSE100,2015-02-17,33827.23,34036.31,33721.84,33801.10,146900000,0.01
KSE100,2015-02-18,33815.90,33912.83,33589.41,33718.86,114620000,-0.24
KSE100,2015-02-19,33749.34,33988.16,33641.99,33942.27,137160000,0.66
KSE100,2015-02-20,34028.78,34143.75,33912.96,33993.00,161980000,0.15
KSE100,2015-02-23,34020.10,34063.24,33899.26,33926.70,93590000,-0.20
KSE100,2015-02-24,33927.61,34024.05,33870.01,33895.46,96960000,-0.09
KSE100,2015-02-25,33900.65,34017.97,33825.20,33845.30,84110000,-0.15
KSE100,2015-02-26,33845.05,33996.73,33701.79,33762.80,105340000,-0.24
KSE100,2015-02-27,33802.83,33893.82,33580.07,33632.19,137800000,-0.39
KSE100,2015-03-02,33680.27,33717.15,33125.03,33213.58,104300000,-1.24
KSE100,2015-03-03,33213.58,33292.90,32811.75,33188.77,143950000,-0.07
KSE100,2015-03-04,33271.44,33464.70,33161.69,33242.94,128710000,0.16
KSE100,2015-03-05,33256.55,33406.29,33246.12,33368.83,124470000,0.38
KSE100,2015-03-06,33382.69,33474.06,33239.43,33263.66,87830000,-0.32
KSE100,2015-03-09,33273.62,33305.26,32832.55,32860.57,71200000,-1.21
KSE100,2015-03-10,32899.31,32899.31,32531.13,32566.59,88050000,-0.89
KSE100,2015-03-11,32437.92,32604.10,32198.87,32539.61,111610000,-0.08
KSE100,2015-03-12,32545.02,32715.79,32443.72,32582.68,102310000,0.13
KSE100,2015-03-13,32622.08,32960.35,32622.08,32929.09,110290000,1.06
KSE100,2015-03-16,32931.51,32961.84,32396.41,32454.91,79450000,-1.44
KSE100,2015-03-17,32471.39,32519.82,32104.50,32342.26,88180000,-0.35
KSE100,2015-03-18,32349.63,32416.99,31338.29,31524.98,140750000,-2.53
KSE100,2015-03-19,31514.89,31607.79,31395.07,31451.62,66599999,-0.23
KSE100,2015-03-20,31478.67,31925.05,31478.67,31800.26,101280000,1.11
KSE100,2015-03-24,31944.02,32070.98,31259.41,31310.73,90440000,-1.54
KSE100,2015-03-25,31330.82,31405.77,31044.08,31086.51,67380000,-0.72
KSE100,2015-03-26,31187.39,31358.58,30172.93,30678.97,193250000,-1.31
KSE100,2015-03-27,30734.05,30828.20,29847.26,29957.83,150930000,-2.35
KSE100,2015-03-30,29879.63,29879.63,28648.23,28927.04,207040000,-3.44
KSE100,2015-03-31,28921.76,30246.77,28921.76,30233.87,190790000,4.52
KSE100,2015-04-01,30269.74,30951.34,30025.84,30605.05,202660000,1.23
KSE100,2015-04-02,30680.29,31169.72,30680.29,31132.25,147100000,1.72
KSE100,2015-04-03,31153.56,31460.55,31115.49,31413.96,195710000,0.90
KSE100,2015-04-06,31442.78,31787.94,31341.88,31752.17,183050000,1.08
KSE100,2015-04-07,31758.79,31848.34,31516.99,31600.73,199600000,-0.48
KSE100,2015-04-08,31676.27,32073.93,31676.27,31887.30,199750000,0.91
KSE100,2015-04-09,31902.46,32043.60,31710.15,32013.91,159480000,0.40
KSE100,2015-04-10,32032.02,32544.43,32032.02,32350.93,211990000,1.05
KSE100,2015-04-13,32354.27,32396.32,32180.47,32248.45,215930000,-0.32
KSE100,2015-04-14,32253.09,32286.65,32050.44,32109.87,180210000,-0.43
KSE100,2015-04-15,32257.04,32430.50,32117.63,32248.86,163780000,0.43
KSE100,2015-04-16,32264.60,32760.56,32264.60,32736.43,272200000,1.51
KSE100,2015-04-17,32762.35,33326.61,32707.34,33234.73,302680000,1.52
KSE100,2015-04-20,33264.54,33649.52,33229.93,33304.64,284270000,0.21
KSE100,2015-04-21,33299.70,33365.32,32826.45,33035.77,196170000,-0.81
KSE100,2015-04-22,33070.13,33615.19,33061.24,33490.64,229560000,1.38
KSE100,2015-04-23,33529.26,33711.84,33399.02,33456.74,226470000,-0.10
KSE100,2015-04-24,33459.01,33803.88,33459.01,33775.12,165280000,0.95
KSE100,2015-04-27,33814.60,33970.73,33804.46,33844.29,174920000,0.20
KSE100,2015-04-28,33848.17,33968.22,33544.92,33575.94,205280000,-0.79
KSE100,2015-04-29,33572.99,33681.05,33435.21,33460.01,158800000,-0.35
KSE100,2015-04-30,33475.95,33760.41,33475.95,33729.96,143910000,0.81
KSE100,2015-05-04,33823.49,34020.30,33627.57,33723.53,155540000,-0.02
KSE100,2015-05-05,33731.91,33768.44,33384.83,33533.64,131970000,-0.56
KSE100,2015-05-06,33638.17,33925.90,33638.17,33839.28,155430000,0.91
KSE100,2015-05-07,33839.55,33885.57,33619.82,33742.88,93300000,-0.28
KSE100,2015-05-08,33700.16,33700.16,33503.32,33530.30,99030000,-0.63
KSE100,2015-05-11,33528.38,33541.59,32416.79,32506.36,163820000,-3.05
KSE100,2015-05-12,32489.87,33087.48,32354.01,33023.80,126880000,1.59
KSE100,2015-05-13,33091.18,33230.46,32891.13,32915.44,98780000,-0.33
KSE100,2015-05-14,32948.58,33226.02,32948.58,33103.73,109670000,0.57
KSE100,2015-05-15,33104.49,33133.90,32953.76,33039.19,117800000,-0.19
KSE100,2015-05-18,33054.61,33098.66,32843.66,32886.06,59860000,-0.46
KSE100,2015-05-19,32892.17,33049.83,32673.64,32729.55,58490000,-0.48
KSE100,2015-05-20,32729.55,32729.55,32569.38,32599.00,84550000,-0.40
KSE100,2015-05-21,32611.65,32688.82,32556.73,32617.74,43630000,0.06
KSE100,2015-05-22,32637.72,32750.02,32529.05,32605.62,42940000,-0.04
KSE100,2015-05-25,32657.32,32871.86,32477.98,32707.22,142490000,0.31
KSE100,2015-05-26,32739.80,32771.28,32419.14,32510.35,69250000,-0.60
KSE100,2015-05-27,32680.18,32922.56,32649.06,32842.59,139200000,1.02
KSE100,2015-05-28,32850.07,32850.07,32671.91,32763.48,83570000,-0.24
KSE100,2015-05-29,32763.48,33130.92,32763.48,33056.79,189130000,0.90
KSE100,2015-06-01,33109.46,33583.33,33108.35,33563.38,174160000,1.53
KSE100,2015-06-02,33620.72,34016.12,33620.72,33895.34,213800000,0.99
KSE100,2015-06-03,33946.27,34119.13,33859.16,33908.62,153180000,0.04
KSE100,2015-06-04,33931.66,34156.13,33926.54,34085.74,204580000,0.52
KSE100,2015-06-05,34091.50,34148.43,33970.98,34012.49,168890000,-0.21
KSE100,2015-06-08,33928.37,34235.94,33137.30,34151.11,282030000,0.41
KSE100,2015-06-09,34240.98,34497.56,34224.45,34270.28,247180000,0.35
KSE100,2015-06-10,34346.70,34531.60,34196.24,34323.84,200780000,0.16
KSE100,2015-06-11,34328.60,34744.17,34328.60,34594.70,208360000,0.79
KSE100,2015-06-12,34600.02,34727.37,34576.41,34651.29,185140000,0.16
KSE100,2015-06-15,34715.03,34869.06,34634.38,34710.29,364950000,0.17
KSE100,2015-06-16,34709.71,34739.17,34448.29,34516.30,337860000,-0.56
KSE100,2015-06-17,34516.07,34630.74,34429.08,34482.00,328190000,-0.10
KSE100,2015-06-18,34482.00,34763.69,34482.00,34674.61,197290000,0.56
KSE100,2015-06-19,34670.76,34710.47,34486.65,34526.70,83030000,-0.43
KSE100,2015-06-22,34530.59,34534.26,34069.64,34278.42,104760000,-0.72
KSE100,2015-06-23,34277.76,34345.75,34129.88,34133.83,163560000,-0.42
KSE100,2015-06-24,34193.18,34400.67,34193.18,34331.94,179600000,0.58
KSE100,2015-06-25,34333.25,34370.12,34034.76,34077.92,178140000,-0.74
KSE100,2015-06-26,34076.04,34114.32,33857.75,33885.13,205920000,-0.57
KSE100,2015-06-29,33899.90,34141.54,33808.20,34093.55,128160000,0.62
KSE100,2015-06-30,34104.60,34444.19,34104.60,34398.86,173890000,0.90
KSE100,2015-07-01,34432.55,34878.04,34432.55,34843.60,167210000,1.29
KSE100,2015-07-02,34849.64,35236.18,34849.64,35186.56,172030000,0.98
KSE100,2015-07-03,35209.09,35543.48,35209.09,35456.35,227670000,0.77
KSE100,2015-07-06,35476.38,35544.21,35291.08,35502.28,230860000,0.13
KSE100,2015-07-07,35529.92,35637.48,35431.43,35537.69,246540000,0.10
KSE100,2015-07-08,35550.79,35581.03,35250.33,35328.83,217420000,-0.59
KSE100,2015-07-09,35333.39,35365.97,35126.70,35147.13,180480000,-0.51
KSE100,2015-07-10,35147.09,35371.22,35091.73,35112.29,145120000,-0.10
KSE100,2015-07-13,35115.45,35559.95,35010.93,35496.62,155680000,1.09
KSE100,2015-07-14,35523.94,35725.16,35371.58,35446.89,167940000,-0.14
KSE100,2015-07-15,35436.55,35722.76,35430.82,35699.75,177440000,0.71
KSE100,2015-07-16,35698.52,36030.92,35698.52,35887.66,178360000,0.53
KSE100,2015-07-22,35905.66,36110.76,35905.66,36056.68,245420000,0.47
KSE100,2015-07-23,36056.68,36114.96,35876.78,35934.99,234750000,-0.34
KSE100,2015-07-24,35936.31,35982.13,35759.99,35815.20,184060000,-0.33
KSE100,2015-07-27,35814.16,35889.53,35140.43,35175.49,164800000,-1.79
KSE100,2015-07-28,35161.33,35443.17,35051.97,35274.66,149100000,0.28
KSE100,2015-07-29,35287.89,35785.65,35287.89,35676.49,173550000,1.14
KSE100,2015-07-30,35678.91,35996.36,35508.82,35730.01,179130000,0.15
KSE100,2015-07-31,35739.83,35824.62,35626.90,35741.52,143680000,0.03
KSE100,2015-08-03,35782.17,35839.97,35703.25,35824.56,101010000,0.23
KSE100,2015-08-04,35827.37,35959.12,35653.16,35921.71,163030000,0.27
KSE100,2015-08-05,36011.77,36265.99,35965.73,36156.83,168730000,0.65
KSE100,2015-08-06,36180.21,36471.59,36180.21,36228.88,177310000,0.20
KSE100,2015-08-07,36245.79,36327.24,36140.95,36222.63,144480000,-0.02
KSE100,2015-08-10,36230.37,36332.67,36037.47,36084.67,119870000,-0.38
KSE100,2015-08-11,36107.84,36271.99,36107.84,36205.94,139150000,0.34
KSE100,2015-08-12,36230.51,36309.97,35868.41,35892.77,131500000,-0.86
KSE100,2015-08-13,35911.30,36052.49,35887.73,35937.33,159010000,0.12
KSE100,2015-08-17,35941.23,36007.16,35580.94,35588.05,157260000,-0.97
KSE100,2015-08-18,35593.79,35762.93,35408.02,35546.03,160420000,-0.12
KSE100,2015-08-19,35598.32,35768.59,35438.05,35461.58,120920000,-0.24
KSE100,2015-08-20,35446.17,35466.51,35137.45,35219.59,175220000,-0.68
KSE100,2015-08-21,35206.11,35278.88,34275.61,34519.77,189420000,-1.99
KSE100,2015-08-24,34211.36,34211.36,33027.82,33100.34,194660000,-4.11
KSE100,2015-08-25,33072.01,33834.88,32882.75,33798.80,272240000,2.11
KSE100,2015-08-26,33867.39,34020.98,33433.50,33537.42,157560000,-0.77
KSE100,2015-08-27,33547.12,34003.98,33547.12,33961.29,137180000,1.26
KSE100,2015-08-28,34021.04,34496.13,34021.04,34447.47,175610000,1.43
KSE100,2015-08-31,34558.30,34810.75,34316.17,34726.51,178400000,0.81
KSE100,2015-09-01,34713.76,34912.45,34335.03,34456.34,177480000,-0.78
KSE100,2015-09-02,34309.07,34402.92,34122.48,34309.76,125690000,-0.43
KSE100,2015-09-03,34389.15,34610.75,34323.25,34397.33,129169999,0.26
KSE100,2015-09-04,34437.55,34629.64,33590.19,33891.08,113720000,-1.47
KSE100,2015-09-07,33876.81,33876.81,32760.76,32944.48,122430000,-2.79
KSE100,2015-09-08,32923.11,33503.75,32646.78,33474.17,166160000,1.61
KSE100,2015-09-09,33644.81,33865.55,33546.79,33830.36,99270000,1.06
KSE100,2015-09-10,33833.02,33853.35,33508.38,33792.37,75540000,-0.11
KSE100,2015-09-11,33797.02,34017.80,33636.76,33672.72,70090000,-0.35
KSE100,2015-09-14,33674.48,33850.40,33333.38,33384.73,59670000,-0.86
KSE100,2015-09-15,33379.99,33417.63,33107.50,33191.46,73350000,-0.58
KSE100,2015-09-16,33193.56,33398.04,33193.56,33345.56,50320000,0.46
KSE100,2015-09-17,33483.42,33737.08,33093.61,33152.06,102230000,-0.58
KSE100,2015-09-18,33199.82,33243.25,32728.20,32760.95,63260000,-1.18
KSE100,2015-09-21,32735.50,32842.89,32474.71,32826.24,67840000,0.20
KSE100,2015-09-22,32853.17,33160.57,32842.38,32882.02,74670000,0.17
KSE100,2015-09-23,32866.54,32874.26,32725.71,32822.84,81060000,-0.18
KSE100,2015-09-28,32872.89,32975.80,32647.42,32690.02,57010000,-0.40
KSE100,2015-09-29,32644.63,32644.63,32025.25,32214.58,114340000,-1.45
KSE100,2015-09-30,32285.82,32560.52,32050.87,32287.41,130419999,0.23
KSE100,2015-10-01,32287.41,32771.02,32287.41,32750.31,103580000,1.43
KSE100,2015-10-02,32775.10,33023.65,32710.71,32969.73,140780000,0.67
KSE100,2015-10-05,32988.93,33056.68,32739.40,32784.94,84630000,-0.56
KSE100,2015-10-06,32887.50,33237.34,32887.50,33202.87,90040000,1.27
KSE100,2015-10-07,33328.59,33407.48,33204.30,33376.20,72380000,0.52
KSE100,2015-10-08,33370.44,33493.08,33257.41,33469.15,100170000,0.28
KSE100,2015-10-09,33588.34,33959.98,33584.79,33843.18,158180000,1.12
KSE100,2015-10-12,33851.35,34252.47,33851.35,34183.85,117810000,1.01
KSE100,2015-10-13,34095.52,34279.42,34010.35,34031.78,123310000,-0.44
KSE100,2015-10-14,34031.48,34127.44,33896.40,33974.85,77070000,-0.17
KSE100,2015-10-15,34013.68,34159.82,33920.47,33921.96,76990000,-0.16
KSE100,2015-10-16,33946.80,34015.18,33800.55,33954.98,82380000,0.10
KSE100,2015-10-19,33972.00,34077.14,33953.22,33966.75,81320000,0.03
KSE100,2015-10-20,33974.07,34040.20,33898.47,33910.17,90490000,-0.17
KSE100,2015-10-21,33950.89,34036.16,33859.41,33943.74,75790000,0.10
KSE100,2015-10-22,33971.62,34041.24,33923.20,33945.32,98210000,0.00
KSE100,2015-10-26,33946.33,34090.16,33849.71,33860.64,82670000,-0.25
KSE100,2015-10-27,33863.08,33925.08,33740.31,33843.83,70800000,-0.05
KSE100,2015-10-28,33852.97,34111.50,33852.97,34061.42,88640000,0.64
KSE100,2015-10-29,34178.08,34359.20,34178.08,34332.43,117500000,0.80
KSE100,2015-10-30,34430.08,34464.25,34239.00,34261.60,119550000,-0.21
KSE100,2015-11-02,34303.52,34396.26,34198.00,34226.12,69810000,-0.10
KSE100,2015-11-03,34245.11,34332.55,34233.84,34275.75,81990000,0.15
KSE100,2015-11-04,34280.31,34565.17,34280.31,34522.95,120980000,0.72
KSE100,2015-11-05,34544.05,34562.01,34434.15,34454.59,126190000,-0.20
KSE100,2015-11-06,34477.15,34517.71,34404.87,34426.75,182290000,-0.08
KSE100,2015-11-09,34437.37,34459.34,34310.74,34336.47,129509999,-0.26
KSE100,2015-11-10,34350.32,34359.05,33945.46,33958.12,118240000,-1.10
KSE100,2015-11-11,33917.85,33969.68,33687.98,33934.04,82710000,-0.07
KSE100,2015-11-12,33975.71,34306.53,33975.71,34264.56,95690000,0.97
KSE100,2015-11-13,34275.77,34275.77,34133.08,34144.78,65440000,-0.35
KSE100,2015-11-16,34086.94,34086.94,33887.07,33946.41,56300000,-0.58
KSE100,2015-11-17,33970.47,34168.76,33970.47,34065.87,68810000,0.35
KSE100,2015-11-18,34092.66,34202.32,33936.05,33949.26,66700000,-0.34
KSE100,2015-11-19,33956.64,34003.29,33900.22,33908.44,48590000,-0.12
KSE100,2015-11-20,33921.65,34008.12,33835.88,33857.00,64690000,-0.15
KSE100,2015-11-23,33875.41,33908.40,33719.25,33732.91,73850000,-0.37
KSE100,2015-11-24,33752.97,33872.33,33567.09,33571.59,96330000,-0.48
KSE100,2015-11-25,33602.98,33616.52,33125.55,33199.86,90760000,-1.11
KSE100,2015-11-26,33252.84,33437.80,33055.96,33079.37,85230000,-0.36
KSE100,2015-11-27,33079.53,33132.67,32820.28,32960.27,81770000,-0.36
KSE100,2015-11-30,32978.57,32993.99,32195.31,32255.20,88830000,-2.14
KSE100,2015-12-01,32263.56,32464.52,31666.11,31709.36,110320000,-1.69
KSE100,2015-12-02,31796.08,32440.16,31672.23,32392.92,115420000,2.16
KSE100,2015-12-03,32412.83,32630.11,32288.98,32565.14,70950000,0.53
KSE100,2015-12-04,32593.64,32771.74,32571.77,32707.91,70300000,0.44
KSE100,2015-12-07,32717.03,33010.22,32595.00,32853.54,82750000,0.45
KSE100,2015-12-08,32813.33,33043.34,32747.59,32791.71,124640000,-0.19
KSE100,2015-12-09,32791.87,33070.85,32791.87,33020.26,117170000,0.70
KSE100,2015-12-10,33039.28,33320.92,33039.28,33211.92,100220000,0.58
KSE100,2015-12-11,33225.98,33247.99,33033.37,33048.51,130990000,-0.49
KSE100,2015-12-14,33033.92,33033.92,32497.42,32757.82,100640000,-0.88
KSE100,2015-12-15,32846.55,32994.15,32420.44,32467.04,96770000,-0.89
KSE100,2015-12-16,32535.11,32746.07,32535.11,32714.60,107920000,0.76
KSE100,2015-12-17,32750.19,33162.05,32750.19,33109.54,93420000,1.21
KSE100,2015-12-18,33157.73,33176.72,32745.32,32777.04,73980000,-1.00
KSE100,2015-12-21,32743.49,32753.20,32490.25,32658.97,54440000,-0.36
KSE100,2015-12-22,32771.32,32835.48,32617.47,32641.09,53830000,-0.05
KSE100,2015-12-23,32682.49,32706.10,32489.58,32500.75,71790000,-0.43
KSE100,2015-12-28,32561.20,32763.33,32560.26,32674.04,84350000,0.53
KSE100,2015-12-29,32671.46,32952.42,32671.46,32811.89,94820000,0.42
KSE100,2015-12-30,32864.12,32961.78,32734.06,32825.03,57890000,0.04
KSE100,2015-12-31,32835.27,32856.02,32735.83,32816.31,59800000,-0.03
KSE100,2016-01-01,32841.49,33256.85,32828.36,33228.95,73480000,1.26
KSE100,2016-01-04,33265.58,33304.40,32968.63,33009.13,68940000,-0.66
KSE100,2016-01-05,32804.32,33027.33,32515.05,32983.47,99320000,-0.08
KSE100,2016-01-06,33036.63,33123.53,32930.37,32968.26,61270000,-0.05
KSE100,2016-01-07,32964.65,32964.65,32652.39,32682.50,79280000,-0.87
KSE100,2016-01-08,32716.16,32775.40,32476.63,32534.85,71870000,-0.45
KSE100,2016-01-11,32535.57,32555.21,32290.40,32320.05,51900000,-0.66
KSE100,2016-01-12,32275.02,32330.19,32005.46,32265.65,77890000,-0.17
KSE100,2016-01-13,32323.39,32484.31,32059.54,32154.17,73200000,-0.35
KSE100,2016-01-14,32093.21,32093.21,31364.13,31441.02,120380000,-2.22
KSE100,2016-01-15,31433.49,31637.22,30887.74,31001.49,88230000,-1.40
KSE100,2016-01-18,30901.00,30901.00,29785.00,30628.40,142730000,-1.20
KSE100,2016-01-19,30642.82,31136.30,30549.86,31092.61,98640000,1.52
KSE100,2016-01-20,31079.31,31079.31,30689.84,30766.01,76450000,-1.05
KSE100,2016-01-21,30808.38,31029.17,30705.53,30751.80,93180000,-0.05
KSE100,2016-01-22,30771.42,30998.30,30771.42,30949.02,74760000,0.64
KSE100,2016-01-25,31089.65,31322.59,30978.40,31065.13,72130000,0.38
KSE100,2016-01-26,30962.95,31140.11,30886.29,31074.38,72900000,0.03
KSE100,2016-01-27,31146.57,31386.21,31065.72,31101.38,78490000,0.09
KSE100,2016-01-28,31119.17,31247.85,31052.13,31193.73,52220000,0.30
KSE100,2016-01-29,31267.60,31461.52,31261.36,31298.60,106290000,0.34
KSE100,2016-02-01,31417.13,31889.51,31416.82,31878.15,103580000,1.85
KSE100,2016-02-02,31866.77,32172.53,31866.77,31960.61,106680000,0.26
KSE100,2016-02-03,31886.11,32183.73,31778.81,32084.06,81500000,0.39
KSE100,2016-02-04,32134.78,32504.12,32134.78,32478.98,88250000,1.23
KSE100,2016-02-08,32474.60,32851.23,32463.44,32706.22,86610000,0.70
KSE100,2016-02-09,32710.82,32716.32,32421.02,32444.20,91630000,-0.80
KSE100,2016-02-10,32401.41,32464.18,32104.55,32144.59,109890000,-0.92
KSE100,2016-02-11,32150.97,32204.38,31782.57,31820.54,64920000,-1.01
KSE100,2016-02-12,31838.37,31911.96,31389.20,31464.16,86600000,-1.12
KSE100,2016-02-15,31604.18,31970.85,31604.18,31928.15,59140000,1.47
KSE100,2016-02-16,32026.39,32159.26,31608.70,31673.16,113480000,-0.80
KSE100,2016-02-17,31705.86,31705.86,31334.41,31469.70,65790000,-0.64
KSE100,2016-02-18,31577.75,31707.89,31249.36,31282.44,84330000,-0.60
KSE100,2016-02-19,31295.00,31295.00,30946.36,31011.77,70080000,-0.87
KSE100,2016-02-22,31027.35,31062.84,30599.74,30677.68,62890000,-1.08
KSE100,2016-02-23,30731.01,30841.53,30275.61,30564.50,111420000,-0.37
KSE100,2016-02-24,30506.85,30897.44,30474.37,30786.60,85230000,0.73
KSE100,2016-02-25,30828.91,30936.71,30712.85,30802.53,77380000,0.05
KSE100,2016-02-26,30856.24,31329.74,30856.24,31294.08,79690000,1.60
KSE100,2016-02-29,31303.18,31434.61,31219.14,31369.51,71610000,0.24
KSE100,2016-03-01,31384.67,31538.65,31321.70,31509.11,59240000,0.45
KSE100,2016-03-02,31532.79,31876.16,31532.79,31772.90,115000000,0.84
KSE100,2016-03-03,31849.86,32233.43,31849.86,32146.58,93900000,1.18
KSE100,2016-03-04,32236.49,32480.39,32236.49,32441.74,95280000,0.92
KSE100,2016-03-07,32463.90,33029.62,32463.90,33022.60,125770000,1.79
KSE100,2016-03-08,33083.69,33210.52,32933.29,33032.85,145880000,0.03
KSE100,2016-03-09,32984.48,33086.51,32893.07,32957.98,125030000,-0.23
KSE100,2016-03-10,33030.94,33080.36,32671.23,32710.56,76410000,-0.75
KSE100,2016-03-11,32716.67,32757.62,32523.19,32669.16,66760000,-0.13
KSE100,2016-03-14,32708.30,32878.66,32708.30,32738.56,69250000,0.21
KSE100,2016-03-15,32749.23,32769.18,32585.79,32623.02,96290000,-0.35
KSE100,2016-03-16,32661.76,32941.44,32654.82,32891.08,100670000,0.82
KSE100,2016-03-17,32994.52,33116.26,32937.76,32957.75,89390000,0.20
KSE100,2016-03-18,32968.58,33145.62,32942.26,33080.40,111780000,0.37
KSE100,2016-03-21,33081.69,33164.99,33000.46,33022.87,54680000,-0.17
KSE100,2016-03-22,33084.45,33191.08,32868.07,32928.30,70590000,-0.29
KSE100,2016-03-24,32883.44,32941.17,32778.41,32801.88,47120000,-0.38
KSE100,2016-03-25,32807.29,32905.67,32777.11,32876.55,62600000,0.23
KSE100,2016-03-28,32835.00,32986.89,32736.74,32904.32,50150000,0.08
KSE100,2016-03-29,32921.06,33000.68,32854.33,32879.67,67460000,-0.07
KSE100,2016-03-30,32880.99,32998.54,32863.62,32922.40,71950000,0.13
KSE100,2016-03-31,32910.47,33188.35,32910.47,33139.00,114640000,0.66
KSE100,2016-04-01,33129.75,33467.47,33121.92,33449.62,119960000,0.94
KSE100,2016-04-04,33476.49,33829.32,33372.95,33808.42,163400000,1.07
KSE100,2016-04-05,33815.77,33951.41,33714.06,33766.49,213200000,-0.12
KSE100,2016-04-06,33815.86,34032.65,33815.86,33946.37,187700000,0.53
KSE100,2016-04-07,34034.94,34058.06,33870.80,33896.03,103290000,-0.15
KSE100,2016-04-08,33893.72,33993.98,33877.24,33967.54,105800000,0.21
KSE100,2016-04-11,34015.06,34154.70,33547.87,33566.22,115670000,-1.18
KSE100,2016-04-12,33578.03,33675.59,33415.93,33616.90,83110000,0.15
KSE100,2016-04-13,33676.66,33785.64,33471.92,33646.10,108870000,0.09
KSE100,2016-04-14,33672.92,33814.80,33605.63,33767.59,121780000,0.36
KSE100,2016-04-15,33793.61,33917.46,33736.75,33767.12,90980000,0.00
KSE100,2016-04-18,33700.47,33832.85,33632.83,33759.97,94680000,-0.02
KSE100,2016-04-19,33763.08,33886.44,33676.66,33729.62,104250000,-0.09
KSE100,2016-04-20,33755.82,33757.29,33599.45,33619.84,111990000,-0.33
KSE100,2016-04-21,33619.81,33916.69,33495.37,33572.13,167140000,-0.14
KSE100,2016-04-22,33603.67,33848.39,33599.30,33739.54,92650000,0.50
KSE100,2016-04-25,33764.95,33785.74,33498.75,33684.56,74640000,-0.16
KSE100,2016-04-26,33711.98,34027.17,33702.78,33847.74,140930000,0.48
KSE100,2016-04-27,33933.82,34307.30,33917.55,34269.28,135960000,1.25
KSE100,2016-04-28,34323.31,34580.97,34323.31,34503.64,152410000,0.68
KSE100,2016-04-29,34591.87,34881.67,34458.79,34719.29,180500000,0.63
KSE100,2016-05-02,34727.20,34806.66,34489.97,34567.52,119830000,-0.44
KSE100,2016-05-03,34557.37,34923.19,34474.49,34897.30,130020000,0.95
KSE100,2016-05-04,34919.15,35440.37,34919.15,35317.56,194110000,1.20
KSE100,2016-05-05,35351.68,35961.99,35351.68,35941.47,171300000,1.77
KSE100,2016-05-06,35983.78,36203.51,35832.32,35973.68,218340000,0.09
KSE100,2016-05-09,36089.70,36303.86,36089.70,36234.99,148760000,0.73
KSE100,2016-05-10,36179.68,36339.42,36037.80,36265.12,124890000,0.08
KSE100,2016-05-11,36358.20,36412.23,36231.58,36266.23,168840000,0.00
KSE100,2016-05-12,36260.20,36448.43,36016.66,36048.76,108960000,-0.60
KSE100,2016-05-13,36052.38,36123.37,35957.21,36122.49,115770000,0.20
KSE100,2016-05-16,36173.30,36241.57,36090.50,36125.37,79440000,0.01
KSE100,2016-05-17,36215.94,36390.41,36100.02,36137.12,161730000,0.03
KSE100,2016-05-18,36197.15,36366.20,36180.50,36318.21,134350000,0.50
KSE100,2016-05-19,36321.76,36809.31,36321.76,36685.05,273930000,1.01
KSE100,2016-05-20,36721.78,36848.02,36646.97,36693.50,173670000,0.02
KSE100,2016-05-23,36725.57,36751.43,36433.48,36723.35,168730000,0.08
KSE100,2016-05-24,36740.33,36794.07,36553.78,36582.35,169130000,-0.38
KSE100,2016-05-25,36583.53,36767.24,36483.21,36499.43,119470000,-0.23
KSE100,2016-05-26,36565.77,36683.09,36461.95,36540.97,109080000,0.11
KSE100,2016-05-27,36549.96,36775.80,36531.41,36694.26,101750000,0.42
KSE100,2016-05-30,36666.05,36684.26,36183.80,36234.69,108120000,-1.25
KSE100,2016-05-31,36199.51,36414.38,35947.74,36061.56,135420000,-0.48
KSE100,2016-06-01,36046.97,36518.58,36044.60,36496.16,127450000,1.21
KSE100,2016-06-02,36483.20,36880.86,36483.20,36839.14,219020000,0.94
KSE100,2016-06-03,36893.32,37360.88,36893.32,37223.00,172830000,1.04
KSE100,2016-06-06,37260.36,37481.11,37208.27,37352.27,161130000,0.35
KSE100,2016-06-07,37389.62,37539.00,37331.39,37392.29,102830000,0.11
KSE100,2016-06-08,37502.21,37614.45,37411.44,37426.39,104680000,0.09
KSE100,2016-06-09,37479.20,37536.32,37392.24,37414.26,98110000,-0.03
KSE100,2016-06-10,37456.21,37459.92,36828.82,36940.88,71080000,-1.27
KSE100,2016-06-13,36883.71,37081.97,36637.81,36979.96,104730000,0.11
KSE100,2016-06-14,37051.06,37594.39,37051.06,37517.75,109620000,1.45
KSE100,2016-06-15,37625.37,38609.01,37625.37,38559.87,193100000,2.78
KSE100,2016-06-16,38596.27,39039.67,38392.00,38751.60,191480000,0.50
KSE100,2016-06-17,38774.78,38963.03,38640.00,38776.94,104730000,0.07
KSE100,2016-06-20,38888.55,38981.56,38469.82,38469.82,114530000,-0.79
KSE100,2016-06-21,38492.44,38605.82,38337.93,38415.31,90800000,-0.14
KSE100,2016-06-22,38442.55,38620.05,38123.12,38149.26,74160000,-0.69
KSE100,2016-06-23,38145.04,38264.58,38014.52,38237.89,67600000,0.23
KSE100,2016-06-24,38229.62,38229.62,36826.08,37389.88,154850000,-2.22
KSE100,2016-06-27,37399.42,37503.96,36957.05,37039.57,119750000,-0.94
KSE100,2016-06-28,37056.90,37267.30,36863.64,37076.63,94130000,0.10
KSE100,2016-06-29,37240.53,37801.92,37240.53,37786.57,91850000,1.91
KSE100,2016-06-30,37800.74,37993.74,37730.31,37783.54,81480000,-0.01
KSE100,2016-07-04,37887.84,38007.51,37691.13,37966.76,88230000,0.48
KSE100,2016-07-11,37881.41,38427.78,37814.60,38367.96,110870000,1.06
KSE100,2016-07-12,38404.14,39067.29,38404.14,39031.62,179230000,1.73
KSE100,2016-07-13,39116.50,39289.11,39017.96,39049.46,137650000,0.05
KSE100,2016-07-14,39053.07,39295.46,38948.17,39257.00,88640000,0.53
KSE100,2016-07-15,39249.57,39415.25,39148.66,39188.47,122470000,-0.17
KSE100,2016-07-18,39188.89,39269.14,38905.82,39253.25,122840000,0.17
KSE100,2016-07-19,39225.34,39322.25,39164.30,39208.88,121080000,-0.11
KSE100,2016-07-20,39216.44,39288.42,38945.96,39098.79,151420000,-0.28
KSE100,2016-07-21,39063.77,39390.42,39063.77,39306.79,139730000,0.53
KSE100,2016-07-22,39307.31,39420.65,39114.31,39151.78,120110000,-0.39
KSE100,2016-07-25,39144.56,39159.54,38996.97,39017.32,73200000,-0.34
KSE100,2016-07-26,38996.44,39195.92,38996.44,39147.33,112580000,0.33
KSE100,2016-07-27,39185.95,39592.03,39130.07,39434.97,104810000,0.73
KSE100,2016-07-28,39461.12,39716.14,39325.11,39468.98,90680000,0.09
KSE100,2016-07-29,39426.23,39562.18,39280.69,39505.28,96030000,0.09
KSE100,2016-08-01,39567.45,39917.13,39559.88,39800.64,122010000,0.75
KSE100,2016-08-02,39820.62,39860.57,39675.28,39786.93,122310000,-0.03
KSE100,2016-08-03,39794.98,39833.66,39594.08,39615.76,103040000,-0.43
KSE100,2016-08-04,39631.22,39824.14,39395.79,39446.70,93130000,-0.43
KSE100,2016-08-05,39399.90,39507.80,39330.02,39390.21,144820000,-0.14
KSE100,2016-08-08,39386.24,39500.56,39379.48,39476.17,99800000,0.22
KSE100,2016-08-09,39475.71,39737.57,39475.71,39663.71,133639999,0.48
KSE100,2016-08-10,39709.92,39862.94,39709.92,39805.88,107170000,0.36
KSE100,2016-08-11,39815.76,39907.52,39743.26,39861.60,185130000,0.14
KSE100,2016-08-12,39982.20,40083.06,39866.38,39907.64,140950000,0.12
KSE100,2016-08-15,39998.82,40104.15,39977.85,40030.52,81650000,0.31
KSE100,2016-08-16,40115.03,40211.35,40027.76,40050.17,96890000,0.05
KSE100,2016-08-17,40076.41,40205.07,40018.36,40057.52,128550000,0.02
KSE100,2016-08-18,40113.31,40213.89,39742.78,39771.20,135250000,-0.71
KSE100,2016-08-19,39802.66,39839.19,39465.20,39499.08,135520000,-0.68
KSE100,2016-08-22,39531.84,39543.18,39254.05,39457.95,79630000,-0.10
KSE100,2016-08-23,39404.45,39617.75,39362.61,39400.19,66510000,-0.15
KSE100,2016-08-24,39418.39,39544.68,39362.25,39506.58,63530000,0.27
KSE100,2016-08-25,39525.37,39867.09,39511.55,39792.10,119770000,0.72
KSE100,2016-08-26,39823.66,39950.24,39800.81,39926.70,159930000,0.34
KSE100,2016-08-29,39991.94,40102.51,39991.94,40023.02,182310000,0.24
KSE100,2016-08-30,40040.24,40084.11,39943.49,39991.79,160280000,-0.08
KSE100,2016-08-31,39996.38,40022.76,39772.70,39809.58,104800000,-0.46
KSE100,2016-09-01,39813.60,39899.74,39722.78,39738.67,101870000,-0.18
KSE100,2016-09-02,39754.84,39755.63,39432.18,39464.65,102040000,-0.69
KSE100,2016-09-05,39470.79,39595.11,39248.68,39278.11,82090000,-0.47
KSE100,2016-09-06,39331.36,39769.76,39250.16,39688.97,110000000,1.05
KSE100,2016-09-07,39775.08,40110.45,39775.08,40084.87,195790000,1.00
KSE100,2016-09-08,40247.91,40289.87,40053.18,40136.93,187610000,0.13
KSE100,2016-09-09,40191.19,40420.19,40183.16,40340.23,200620000,0.51
KSE100,2016-09-15,40347.36,40347.72,40133.51,40216.35,148790000,-0.31
KSE100,2016-09-16,40298.02,40473.43,40286.86,40363.68,216420000,0.37
KSE100,2016-09-19,40426.67,40542.64,40392.47,40414.72,282060000,0.13
KSE100,2016-09-20,40414.72,40508.95,40129.70,40340.46,212730000,-0.18
KSE100,2016-09-21,40353.05,40356.16,39646.77,39771.42,210690000,-1.41
KSE100,2016-09-22,39899.07,40319.00,39899.07,40135.31,209310000,0.91
KSE100,2016-09-23,40166.40,40180.33,39739.17,39781.95,105210000,-0.88
KSE100,2016-09-26,39866.43,40275.84,39866.43,40220.76,124420000,1.10
KSE100,2016-09-27,40304.42,40406.91,40156.84,40294.38,185650000,0.18
KSE100,2016-09-28,40344.79,40467.91,40207.26,40355.02,192100000,0.15
KSE100,2016-09-29,40644.22,40861.27,40144.00,40295.52,234860000,-0.15
KSE100,2016-09-30,40346.92,40580.33,40245.47,40541.81,176790000,0.61
KSE100,2016-10-03,40652.88,41131.35,40650.76,40986.31,176320000,1.10
KSE100,2016-10-04,41119.98,41197.34,41014.01,41123.97,196790000,0.34
KSE100,2016-10-05,41277.17,41425.09,41240.13,41253.46,178270000,0.31
KSE100,2016-10-06,41327.43,41446.70,41231.81,41252.17,231710000,0.00
KSE100,2016-10-07,41309.50,41372.21,41124.13,41200.48,179320000,-0.13
KSE100,2016-10-10,41295.15,41431.57,41199.85,41403.97,135780000,0.49
KSE100,2016-10-13,41527.71,41631.55,41344.17,41412.04,193490000,0.02
KSE100,2016-10-14,41435.56,41512.44,41170.43,41464.31,180590000,0.13
KSE100,2016-10-17,41509.75,41604.60,41256.36,41282.72,149450000,-0.44
KSE100,2016-10-18,41279.83,41280.12,40759.96,40954.22,164540000,-0.80
KSE100,2016-10-19,41011.96,41063.88,40668.82,40924.14,166690000,-0.07
KSE100,2016-10-20,41022.85,41688.57,41019.05,41545.95,218870000,1.52
KSE100,2016-10-21,41577.36,41600.97,41257.67,41291.43,217780000,-0.61
KSE100,2016-10-24,41264.00,41264.00,40793.56,40852.03,115400000,-1.06
KSE100,2016-10-25,40722.99,40812.15,40176.81,40764.76,163460000,-0.21
KSE100,2016-10-26,40774.87,40921.37,40427.13,40526.81,197130000,-0.58
KSE100,2016-10-27,40553.48,40583.26,39929.05,39987.31,162600000,-1.33
KSE100,2016-10-28,39792.57,40061.01,39538.04,39872.88,151430000,-0.29
KSE100,2016-10-31,39883.94,40173.83,39789.70,39893.84,130690000,0.05
KSE100,2016-11-01,39894.10,41340.68,39855.42,41299.87,206510000,3.52
KSE100,2016-11-02,41563.86,41962.62,41375.82,41742.75,230670000,1.07
KSE100,2016-11-03,41855.47,42107.99,41702.88,41974.46,242810000,0.56
KSE100,2016-11-04,41959.89,42121.47,41799.26,41841.56,213640000,-0.32
KSE100,2016-11-07,41853.00,42204.53,41804.14,42133.54,169360000,0.70
KSE100,2016-11-08,42261.03,42413.46,42009.91,42113.91,289240000,-0.05
KSE100,2016-11-09,41842.26,42227.74,41352.52,42203.63,296150000,0.21
KSE100,2016-11-10,42309.03,42772.21,42309.03,42703.99,232300000,1.19
KSE100,2016-11-11,42719.34,42949.16,42497.73,42849.12,213160000,0.34
KSE100,2016-11-14,42946.85,43084.67,42400.30,42525.93,258660000,-0.75
KSE100,2016-11-15,42546.24,42641.53,42251.55,42292.67,125810000,-0.55
KSE100,2016-11-16,42364.15,42481.07,42213.50,42404.47,114060000,0.26
KSE100,2016-11-17,42441.91,42526.93,42326.98,42411.80,140070000,0.02
KSE100,2016-11-18,42436.40,42505.70,42253.88,42324.94,106050000,-0.20
KSE100,2016-11-21,42369.53,42546.53,42336.45,42439.04,100510000,0.27
KSE100,2016-11-22,42535.56,42748.40,42535.56,42631.58,122890000,0.45
KSE100,2016-11-23,42706.01,42923.42,42582.41,42901.02,144500000,0.63
KSE100,2016-11-24,42905.54,43206.33,42905.53,42949.73,140030000,0.11
KSE100,2016-11-25,42973.72,43066.84,42907.07,42999.66,149080000,0.12
KSE100,2016-11-28,43039.77,43184.92,43011.43,43060.71,91750000,0.14
KSE100,2016-11-29,43085.95,43297.41,42772.56,42811.27,174780000,-0.58
KSE100,2016-11-30,42839.50,42865.59,42583.10,42622.37,138210000,-0.44
KSE100,2016-12-01,43032.81,43280.43,42860.97,42907.36,175750000,0.67
KSE100,2016-12-02,43002.62,43308.14,42913.21,43270.90,88320000,0.85
KSE100,2016-12-05,43359.62,43797.69,43346.55,43739.97,128830000,1.08
KSE100,2016-12-06,43807.15,44236.89,43807.15,44199.40,189580000,1.05
KSE100,2016-12-07,44273.58,44539.28,44107.82,44494.99,244960000,0.67
KSE100,2016-12-08,44653.09,44836.10,44447.89,44741.98,135930000,0.56
KSE100,2016-12-09,44901.14,45489.59,44898.85,45387.23,195260000,1.44
KSE100,2016-12-13,45788.21,46126.21,45735.80,45857.89,193870000,1.04
KSE100,2016-12-14,45957.68,46268.44,45602.64,46185.27,201040000,0.71
KSE100,2016-12-15,46165.17,46635.31,46141.79,46358.35,171810000,0.37
KSE100,2016-12-16,46419.06,46661.74,46229.89,46584.53,177420000,0.49
KSE100,2016-12-19,46813.27,47070.56,46813.27,46938.59,187250000,0.76
KSE100,2016-12-20,47027.18,47380.88,46810.02,47210.06,201200000,0.58
KSE100,2016-12-21,47303.45,47325.91,46344.88,46993.31,176810000,-0.46
KSE100,2016-12-22,47067.86,47202.02,46665.52,46699.78,133710000,-0.62
KSE100,2016-12-23,46730.56,46826.71,46443.22,46633.99,105410000,-0.14
KSE100,2016-12-26,46660.53,46898.59,46622.42,46689.73,83500000,0.12
KSE100,2016-12-27,46687.53,46985.65,46685.76,46920.47,90440000,0.49
KSE100,2016-12-28,46986.12,47563.46,46986.12,47424.63,140850000,1.07
KSE100,2016-12-29,47509.57,47713.34,47495.66,47666.66,197640000,0.51
KSE100,2016-12-30,47675.89,47933.80,47634.81,47806.97,154530000,0.29
KSE100,2017-01-02,47881.53,48357.57,47878.33,48240.28,181430000,0.91
KSE100,2017-01-03,48278.62,48924.08,47906.38,48827.55,210060000,1.22
KSE100,2017-01-04,48814.47,49069.05,48635.87,48704.99,181320000,-0.25
KSE100,2017-01-05,48743.07,48934.00,48642.09,48713.63,140670000,0.02
KSE100,2017-01-06,48769.07,49104.04,48769.07,49038.23,153150000,0.67
KSE100,2017-01-09,49082.86,49439.26,48998.17,49039.41,178310000,0.00
KSE100,2017-01-10,48957.32,49001.38,48687.26,48865.79,176920000,-0.35
KSE100,2017-01-11,48872.02,49389.89,48867.86,49371.60,191350000,1.04
KSE100,2017-01-12,49590.63,49804.55,49454.61,49517.02,200540000,0.29
KSE100,2017-01-13,49610.05,49673.17,49155.68,49210.50,167830000,-0.62
KSE100,2017-01-16,49392.83,49395.11,48821.75,48888.54,157170000,-0.65
KSE100,2017-01-17,48961.63,49003.96,48108.93,48678.65,179470000,-0.43
KSE100,2017-01-18,48731.50,48971.01,48501.42,48642.21,151900000,-0.07
KSE100,2017-01-19,48742.25,49065.33,48693.89,49013.82,208550000,0.76
KSE100,2017-01-20,49027.96,49464.06,49027.96,49364.83,181240000,0.72
KSE100,2017-01-23,49532.13,49937.25,49532.13,49876.18,349130000,1.04
KSE100,2017-01-24,49942.88,50055.36,49621.84,49968.92,226390000,0.19
KSE100,2017-01-25,50094.26,50267.24,49721.46,49756.77,172660000,-0.42
KSE100,2017-01-26,49771.18,50286.02,49668.64,50192.36,202800000,0.88
KSE100,2017-01-27,50230.54,50886.80,49900.63,49963.77,384500000,-0.46
KSE100,2017-01-30,50086.60,50339.93,48836.50,48972.24,184150000,-1.98
KSE100,2017-01-31,48909.78,49142.77,48349.36,48757.67,162090000,-0.44
KSE100,2017-02-01,48963.60,49514.10,48963.60,49455.86,180490000,1.43
KSE100,2017-02-02,49594.14,49933.91,49426.87,49665.97,177990000,0.42
KSE100,2017-02-03,49697.22,49780.53,49430.90,49555.83,147440000,-0.22
KSE100,2017-02-06,49643.00,49739.89,49534.07,49630.04,97530000,0.15
KSE100,2017-02-07,49706.37,49920.26,49705.76,49859.39,120470000,0.46
KSE100,2017-02-08,49967.34,50034.94,49742.74,49874.96,174850000,0.03
KSE100,2017-02-09,49896.54,50196.83,49784.33,49908.15,245850000,0.07
KSE100,2017-02-10,49929.24,50093.38,49845.85,49925.08,137310000,0.03
KSE100,2017-02-13,50032.44,50322.55,49834.69,49965.63,143010000,0.08
KSE100,2017-02-14,49931.94,50036.65,49527.70,49767.91,136390000,-0.40
KSE100,2017-02-15,49833.70,49920.28,49097.02,49214.15,156600000,-1.11
KSE100,2017-02-16,49344.90,49693.84,49163.91,49588.30,88870000,0.76
KSE100,2017-02-17,49612.89,49893.38,49320.48,49375.71,153830000,-0.43
KSE100,2017-02-20,49425.63,49597.33,48850.90,48929.12,112580000,-0.90
KSE100,2017-02-21,48924.70,49103.59,48655.92,49015.09,118970000,0.18
KSE100,2017-02-22,49119.81,49331.54,48710.29,48981.65,178280000,-0.07
KSE100,2017-02-23,49012.70,49153.44,48474.80,49062.26,113780000,0.16
KSE100,2017-02-24,49136.80,49273.94,48941.69,49007.99,133460000,-0.11
KSE100,2017-02-27,49018.74,49081.28,48489.74,48520.75,95000000,-0.99
KSE100,2017-02-28,48541.91,48636.35,48146.68,48534.23,87720000,0.03
KSE100,2017-03-01,48627.90,49050.51,48627.10,48992.16,95760000,0.94
KSE100,2017-03-02,49252.08,49729.99,49252.08,49696.08,148290000,1.44
KSE100,2017-03-03,49778.59,49894.52,49564.08,49623.81,118710000,-0.15
KSE100,2017-03-06,49696.83,49841.10,49342.95,49434.89,77150000,-0.38
KSE100,2017-03-07,49448.87,49525.48,49216.32,49452.71,100770000,0.04
KSE100,2017-03-08,49468.61,49778.21,49424.82,49754.72,95420000,0.61
KSE100,2017-03-09,49752.10,49857.09,49219.55,49392.44,96520000,-0.73
KSE100,2017-03-10,49360.99,49456.39,49048.95,49191.75,78120000,-0.41
KSE100,2017-03-13,49188.56,49254.77,48562.00,48655.72,50030000,-1.09
KSE100,2017-03-14,48649.84,48662.51,48061.27,48539.06,92560000,-0.24
KSE100,2017-03-15,48630.19,48767.44,48209.89,48305.83,114130000,-0.48
KSE100,2017-03-16,48330.05,48341.17,47774.44,48289.66,101460000,-0.03
KSE100,2017-03-17,48339.32,48727.44,48334.13,48409.35,132740000,0.25
KSE100,2017-03-20,48488.13,48757.38,48435.04,48697.65,55830000,0.60
KSE100,2017-03-21,48723.69,49060.05,48676.68,49020.21,93950000,0.66
KSE100,2017-03-22,49057.57,49147.32,48961.06,49016.79,131690000,-0.01
KSE100,2017-03-24,49080.19,49138.40,48928.18,48971.05,124490000,-0.09
KSE100,2017-03-27,49048.05,49049.43,48633.26,48680.16,87150000,-0.59
KSE100,2017-03-28,48639.16,48685.59,48490.39,48523.41,77480000,-0.32
KSE100,2017-03-29,48594.29,48909.10,48336.78,48375.63,93650000,-0.30
KSE100,2017-03-30,48448.71,48504.40,47820.31,47949.33,104270000,-0.88
KSE100,2017-03-31,47982.55,48210.74,47678.83,48155.93,136340000,0.43
KSE100,2017-04-03,48205.55,48384.02,48120.93,48227.75,64959999,0.15
KSE100,2017-04-04,48233.20,48366.04,48050.54,48088.37,56700000,-0.29
KSE100,2017-04-05,48125.03,48166.18,47523.41,47577.31,77500000,-1.06
KSE100,2017-04-06,47552.29,47634.87,47254.65,47356.60,63040000,-0.46
KSE100,2017-04-07,47410.28,47960.80,47410.28,47889.37,55950000,1.13
KSE100,2017-04-10,47896.90,48095.55,47731.99,47942.95,49080000,0.11
KSE100,2017-04-11,47919.74,48257.03,47870.17,48250.07,50130000,0.64
KSE100,2017-04-12,48281.21,48518.11,48280.77,48457.26,77330000,0.43
KSE100,2017-04-13,48535.80,48553.16,47908.34,47950.58,88640000,-1.05
KSE100,2017-04-14,47899.23,47955.60,47543.09,47577.06,53170000,-0.78
KSE100,2017-04-17,47635.43,47652.36,46743.55,47125.12,65330000,-0.95
KSE100,2017-04-18,47115.82,47179.45,46809.19,46874.37,82620000,-0.53
KSE100,2017-04-19,46250.97,47715.65,46048.07,47603.48,140920000,1.56
KSE100,2017-04-20,47557.55,49509.30,47361.11,48743.56,199780000,2.39
KSE100,2017-04-21,48870.16,49743.43,48867.06,49708.65,159070000,1.98
KSE100,2017-04-24,49830.78,50204.38,49588.92,50111.67,135670000,0.81
KSE100,2017-04-25,50225.03,50304.65,49532.02,49785.17,130389999,-0.65
KSE100,2017-04-26,49826.24,49954.04,49645.12,49827.51,120950000,0.09
KSE100,2017-04-27,49876.94,49909.33,49445.69,49481.70,110810000,-0.69
KSE100,2017-04-28,49472.04,49575.32,49238.05,49300.90,112550000,-0.37
KSE100,2017-05-02,49146.38,49255.85,48665.09,48689.42,88070000,-1.24
KSE100,2017-05-03,48723.98,48929.54,48490.43,48605.14,134900000,-0.17
KSE100,2017-05-04,48632.55,49389.95,48632.55,49283.64,116090000,1.40
KSE100,2017-05-05,49233.90,50098.59,49233.45,49851.13,136690000,1.15
KSE100,2017-05-08,49941.51,50977.00,49932.13,50935.91,145000000,2.18
KSE100,2017-05-09,51284.42,51488.56,50999.15,51073.14,191190000,0.27
KSE100,2017-05-10,51113.18,51231.65,50857.50,51103.53,96490000,0.06
KSE100,2017-05-11,51287.11,51506.96,51274.89,51426.01,111850000,0.63
KSE100,2017-05-12,51453.23,51793.56,51399.23,51750.91,127350000,0.63
KSE100,2017-05-15,51954.08,52599.07,51954.08,52387.87,147880000,1.23
KSE100,2017-05-16,52821.55,52846.70,51754.07,51813.19,120540000,-1.10
KSE100,2017-05-17,51852.35,51948.27,51443.17,51511.41,107330000,-0.58
KSE100,2017-05-18,51569.93,51570.29,50875.11,50956.60,69290000,-1.08
KSE100,2017-05-19,51016.99,51197.27,50666.13,50742.03,76380000,-0.42
KSE100,2017-05-22,50817.67,51447.45,50803.78,51373.51,53460000,1.24
KSE100,2017-05-23,51507.17,52244.24,51503.67,52146.97,112040000,1.51
KSE100,2017-05-24,52178.58,53103.21,52178.58,52876.46,147150000,1.40
KSE100,2017-05-25,53042.15,53127.24,52733.89,52869.01,142450000,-0.01
KSE100,2017-05-26,52854.57,52874.63,52455.44,52636.87,116430000,-0.44
KSE100,2017-05-29,52395.20,52563.91,52036.34,52138.90,63340000,-0.95
KSE100,2017-05-30,52170.33,52476.18,51278.93,51453.16,86440000,-1.32
KSE100,2017-05-31,51472.75,51492.44,50213.66,50591.57,274370000,-1.67
KSE100,2017-06-01,50484.37,50645.33,48361.19,48780.81,197080000,-3.58
KSE100,2017-06-02,48543.62,48915.64,47491.65,48555.30,105060000,-0.46
KSE100,2017-06-05,48705.86,50163.07,48705.86,50120.93,99970000,3.22
KSE100,2017-06-06,50297.80,50311.01,49920.08,50144.63,89850000,0.05
KSE100,2017-06-07,50236.85,50349.10,49968.74,50162.81,59670000,0.04
KSE100,2017-06-08,50082.65,50290.49,49875.56,49958.33,64800000,-0.41
KSE100,2017-06-09,49950.34,49961.00,49478.43,49526.92,39350000,-0.86
KSE100,2017-06-12,49433.90,49433.90,47538.17,47671.80,62640000,-3.75
KSE100,2017-06-13,47593.37,48513.23,47099.99,48071.04,103240000,0.84
KSE100,2017-06-14,48252.15,48601.75,47484.85,47608.64,74800000,-0.96
KSE100,2017-06-15,47482.08,48088.63,47369.87,47442.73,107370000,-0.35
KSE100,2017-06-16,47461.36,47527.41,46733.70,46858.56,58270000,-1.23
KSE100,2017-06-19,46914.07,47083.26,46312.95,46593.34,74830000,-0.57
KSE100,2017-06-20,46666.51,46777.33,44823.56,44914.44,135200000,-3.60
KSE100,2017-06-21,44699.09,45765.35,43826.67,45474.46,187880000,1.25
KSE100,2017-06-22,45611.28,46464.38,45540.66,46332.31,167310000,1.89
KSE100,2017-06-29,46398.74,47086.47,46115.60,46711.85,106820000,0.82
KSE100,2017-06-30,46747.19,46831.98,46506.12,46565.29,113130000,-0.31
KSE100,2017-07-03,46523.33,46523.33,44639.82,44665.41,77680000,-4.08
KSE100,2017-07-04,44610.69,45686.03,44328.20,45394.06,99780000,1.63
KSE100,2017-07-05,45408.68,46358.26,45152.63,45413.42,108490000,0.04
KSE100,2017-07-06,45385.90,45579.95,44560.21,44823.11,72690000,-1.30
KSE100,2017-07-07,44819.65,45291.89,44549.45,45222.15,75720000,0.89
KSE100,2017-07-10,45133.46,46332.35,44710.24,46273.81,120980000,2.33
KSE100,2017-07-11,45278.17,45278.17,44117.17,44120.58,104050000,-4.65
KSE100,2017-07-12,43746.75,44205.77,43027.15,43792.19,126790000,-0.74
KSE100,2017-07-13,43777.62,44121.30,43060.98,43783.55,76510000,-0.02
KSE100,2017-07-14,43806.39,44466.38,43695.88,44337.44,58170000,1.27
KSE100,2017-07-17,44195.09,44630.07,44173.44,44523.21,33980000,0.42
KSE100,2017-07-18,44517.52,45669.06,44517.06,45636.36,83690000,2.50
KSE100,2017-07-19,45651.26,45808.80,45297.15,45418.70,82020000,-0.48
KSE100,2017-07-20,45651.57,46087.58,44971.68,45059.93,67130000,-0.79
KSE100,2017-07-21,44975.20,45382.22,44548.36,45294.39,56610000,0.52
KSE100,2017-07-24,45366.30,45566.70,45271.06,45529.20,53080000,0.52
KSE100,2017-07-25,45570.34,45939.56,45499.23,45917.90,79010000,0.85
KSE100,2017-07-26,46031.54,46106.72,45857.92,45908.39,66819999,-0.02
KSE100,2017-07-27,45854.97,46025.07,45758.21,45905.76,73390000,-0.01
KSE100,2017-07-28,44989.88,46060.55,44235.94,45912.03,161050000,0.01
KSE100,2017-07-31,46334.55,47111.54,45911.74,46010.45,150410000,0.21
KSE100,2017-08-01,46071.70,46623.91,46064.87,46533.43,108040000,1.14
KSE100,2017-08-02,46690.30,46989.27,46689.62,46949.04,154550000,0.89
KSE100,2017-08-03,47040.47,47167.63,46857.45,47084.34,201990000,0.29
KSE100,2017-08-04,47121.41,47241.17,46834.99,46877.37,137740000,-0.44
KSE100,2017-08-07,46892.24,46929.20,46336.66,46465.66,99960000,-0.88
KSE100,2017-08-08,46515.07,46517.55,45905.02,45979.70,84450000,-1.05
KSE100,2017-08-09,46010.39,46101.08,45591.38,45998.81,101530000,0.04
KSE100,2017-08-10,46024.13,46213.14,45572.11,45634.02,74530000,-0.79
KSE100,2017-08-11,45625.14,45627.05,45261.25,45288.49,42500000,-0.76
KSE100,2017-08-15,45331.16,45419.52,43822.20,43899.45,85390000,-3.07
KSE100,2017-08-16,43912.92,44332.51,43781.57,44186.96,87150000,0.65
KSE100,2017-08-17,44216.97,44257.26,43044.12,43136.06,77590000,-2.38
KSE100,2017-08-18,43133.88,43187.09,42347.19,43078.38,88140000,-0.13
KSE100,2017-08-21,43110.92,43135.01,42016.87,42153.38,78890000,-2.15
KSE100,2017-08-22,42073.08,42291.15,41062.73,41983.16,112240000,-0.40
KSE100,2017-08-23,42000.35,42949.90,41927.22,42910.79,82010000,2.21
KSE100,2017-08-24,42966.24,43173.22,42136.17,42268.62,82590000,-1.50
KSE100,2017-08-25,42211.84,42784.72,41836.10,42641.75,106300000,0.88
KSE100,2017-08-28,42468.78,42598.90,41820.23,41974.22,53370000,-1.57
KSE100,2017-08-29,41782.33,41804.88,41046.24,41233.08,69640000,-1.77
KSE100,2017-08-30,41046.29,41558.00,41046.29,41323.65,69280000,0.22
KSE100,2017-08-31,41199.85,41362.87,40842.50,41206.99,43980000,-0.28
KSE100,2017-09-05,41109.65,41833.70,41070.99,41779.20,59260000,1.39
KSE100,2017-09-06,41846.18,42054.07,41324.61,41389.99,76350000,-0.93
KSE100,2017-09-07,41346.46,41477.84,40686.09,40958.65,77790000,-1.04
KSE100,2017-09-08,41227.88,41635.74,41169.97,41401.02,78230000,1.08
KSE100,2017-09-11,41534.69,41552.05,41062.47,41126.83,50380000,-0.66
KSE100,2017-09-12,41265.57,41411.18,41024.54,41279.30,57220000,0.37
KSE100,2017-09-13,41407.04,42346.23,41387.30,42310.12,84250000,2.50
KSE100,2017-09-14,42392.65,42732.51,42171.26,42683.57,80410000,0.88
KSE100,2017-09-15,42700.14,43014.42,42538.05,42787.19,97950000,0.24
KSE100,2017-09-18,42833.86,42924.93,42489.69,42841.41,59060000,0.13
KSE100,2017-09-19,42889.52,43297.41,42889.52,43253.26,95140000,0.96
KSE100,2017-09-20,43309.42,43435.92,43145.83,43347.03,105630000,0.22
KSE100,2017-09-21,43338.68,43386.73,42705.66,42775.04,82280000,-1.32
KSE100,2017-09-22,42771.66,42921.13,42572.04,42750.19,52080000,-0.06
KSE100,2017-09-25,42815.23,43087.07,42628.37,42743.65,67650000,-0.02
KSE100,2017-09-26,42844.80,42957.71,42599.64,42666.23,93920000,-0.18
KSE100,2017-09-27,42563.19,42619.09,42101.68,42290.15,67990000,-0.88
KSE100,2017-09-28,42291.44,42456.53,42195.09,42362.87,60050000,0.17
KSE100,2017-09-29,42391.00,42543.20,42286.60,42409.27,92310000,0.11
KSE100,2017-10-02,42431.54,42434.82,41944.37,42018.90,41230000,-0.92
KSE100,2017-10-03,42043.21,42043.21,41025.28,41115.78,62870000,-2.15
KSE100,2017-10-04,41092.66,41179.88,39869.88,40461.00,97260000,-1.59
KSE100,2017-10-05,40545.27,40819.44,40036.23,40468.49,83100000,0.02
KSE100,2017-10-06,40494.58,41334.93,40494.58,41312.59,81770000,2.09
KSE100,2017-10-09,41334.50,41336.43,41004.66,41099.99,52190000,-0.51
KSE100,2017-10-10,41109.73,41112.27,40287.26,40610.72,121790000,-1.19
KSE100,2017-10-11,40639.75,40776.97,40315.02,40503.68,52750000,-0.26
KSE100,2017-10-12,40558.74,40791.91,39834.10,40237.53,62700000,-0.66
KSE100,2017-10-13,40236.92,40236.92,39478.05,39846.78,78940000,-0.97
KSE100,2017-10-16,39978.40,40813.53,39978.40,40791.39,55280000,2.37
KSE100,2017-10-17,40892.36,41353.23,40692.09,40724.96,81060000,-0.16
KSE100,2017-10-18,40760.07,40872.48,40224.20,40733.45,49260000,0.02
KSE100,2017-10-19,40826.57,41614.28,40821.33,41558.07,113030000,2.02
KSE100,2017-10-20,41687.59,42155.72,41471.24,42087.89,111820000,1.27
KSE100,2017-10-23,42148.54,42161.80,41414.12,41483.54,64060000,-1.44
KSE100,2017-10-24,41446.60,41457.26,40913.93,41291.68,64940000,-0.46
KSE100,2017-10-25,41305.30,41626.86,41294.95,41595.32,48110000,0.74
KSE100,2017-10-26,41637.09,41745.76,41355.45,41409.49,65900000,-0.45
KSE100,2017-10-27,41412.68,41420.05,40903.70,41105.40,79490000,-0.73
KSE100,2017-10-30,41168.19,41173.38,40258.58,40324.32,53200000,-1.90
KSE100,2017-10-31,40302.72,40307.98,39557.12,39617.19,93500000,-1.75
KSE100,2017-11-01,39662.80,40558.97,39660.13,40453.64,63510000,2.11
KSE100,2017-11-02,40508.89,40842.25,40353.48,40498.87,66959999,0.11
KSE100,2017-11-03,40506.92,41115.50,40453.03,41064.00,60900000,1.40
KSE100,2017-11-06,41160.67,41232.17,40928.27,41030.77,45750000,-0.08
KSE100,2017-11-07,41120.12,41262.45,41003.05,41049.22,53270000,0.04
KSE100,2017-11-08,41037.59,41293.80,40970.62,41259.16,57220000,0.51
KSE100,2017-11-09,41403.17,41851.33,41390.34,41790.16,78830000,1.29
KSE100,2017-11-10,41836.35,41836.35,41390.81,41435.70,54440000,-0.85
KSE100,2017-11-13,41435.70,41435.70,41141.85,41239.89,34170000,-0.47
KSE100,2017-11-14,41202.55,41316.74,40899.50,40943.78,57490000,-0.72
KSE100,2017-11-15,40814.42,40904.35,40585.54,40662.79,47870000,-0.69
KSE100,2017-11-16,40705.44,40886.03,40686.62,40813.31,51540000,0.37
KSE100,2017-11-17,40832.14,40910.17,40637.15,40844.40,58020000,0.08
KSE100,2017-11-20,40843.94,40923.09,40260.05,40316.93,44350000,-1.29
KSE100,2017-11-21,40353.11,40603.55,40271.53,40548.83,43460000,0.58
KSE100,2017-11-22,40643.09,40741.91,40465.52,40591.87,117580000,0.11
KSE100,2017-11-23,40626.00,40712.65,40136.86,40266.21,43660000,-0.80
KSE100,2017-11-24,40276.63,40368.35,40082.70,40248.41,61540000,-0.04
KSE100,2017-11-27,40152.72,40152.72,39932.93,40032.17,74320000,-0.54
KSE100,2017-11-28,40060.49,40125.75,39564.27,39634.13,68940000,-0.99
KSE100,2017-11-29,39647.23,39760.50,39462.71,39672.89,73090000,0.10
KSE100,2017-11-30,39706.17,40091.48,39702.84,40010.36,126120000,0.85
KSE100,2017-12-04,40048.76,40131.37,39931.52,40049.80,47290000,0.10
KSE100,2017-12-05,40072.17,40084.97,39892.34,39945.41,67870000,-0.26
KSE100,2017-12-06,39960.06,40062.62,39825.23,39907.32,49270000,-0.10
KSE100,2017-12-07,39880.82,39880.82,38769.09,38784.66,71110000,-2.81
KSE100,2017-12-08,38645.26,39339.65,38431.78,39080.00,80650000,0.76
KSE100,2017-12-11,39059.48,39437.43,38374.73,38481.70,57160000,-1.53
KSE100,2017-12-12,38504.71,38620.66,37736.73,38525.11,107740000,0.11
KSE100,2017-12-13,38588.04,38884.89,38527.62,38819.65,70080000,0.76
KSE100,2017-12-14,38825.74,38825.74,38126.85,38223.55,54160000,-1.54
KSE100,2017-12-15,38214.21,38919.03,38192.70,38645.90,94860000,1.10
KSE100,2017-12-18,38660.09,38703.15,38337.37,38383.97,25410000,-0.68
KSE100,2017-12-19,38418.88,38443.12,37768.25,37919.42,55910000,-1.21
KSE100,2017-12-20,37963.09,38323.55,37842.52,38208.06,74980000,0.76
KSE100,2017-12-21,38216.76,38793.99,38014.84,38715.77,81300000,1.33
KSE100,2017-12-22,38770.46,39525.21,38710.53,39428.21,98500000,1.84
KSE100,2017-12-26,39524.24,39719.13,39293.37,39525.75,89190000,0.25
KSE100,2017-12-27,39614.37,40160.47,39614.37,40146.73,107270000,1.57
KSE100,2017-12-28,40235.08,40463.66,40031.34,40371.31,94200000,0.56
KSE100,2017-12-29,40400.82,40644.74,40271.18,40471.48,126860000,0.25
KSE100,2018-01-01,40470.44,40815.96,40169.62,40711.04,51410000,0.59
KSE100,2018-01-02,40676.19,41566.76,40534.79,41486.87,137600000,1.91
KSE100,2018-01-03,41539.93,41819.75,41289.17,41544.27,150640000,0.14
KSE100,2018-01-04,41600.40,41995.66,41600.40,41908.71,127650000,0.88
KSE100,2018-01-05,41876.62,42584.96,41821.85,42523.99,109960000,1.47
KSE100,2018-01-08,42634.49,43256.57,42634.49,43112.12,125690000,1.38
KSE100,2018-01-09,43188.71,43251.40,42566.51,42814.34,118670000,-0.69
KSE100,2018-01-10,42888.33,43659.45,42881.88,43630.74,143750000,1.91
KSE100,2018-01-11,43693.60,43824.02,43140.94,43395.28,163180000,-0.54
KSE100,2018-01-12,43426.86,43436.20,42754.30,42933.72,108960000,-1.06
KSE100,2018-01-15,42891.16,42897.82,42270.38,42347.49,55750000,-1.37
KSE100,2018-01-16,42358.99,43142.59,42324.27,42939.68,73610000,1.40
KSE100,2018-01-17,42936.43,43386.27,42874.39,43358.97,64030000,0.98
KSE100,2018-01-18,43626.06,44004.13,43192.75,43580.88,124530000,0.51
KSE100,2018-01-19,43647.33,44203.13,43609.16,44178.83,97360000,1.37
KSE100,2018-01-22,44225.24,44951.21,44121.97,44897.69,135800000,1.63
KSE100,2018-01-23,44897.69,44970.78,44465.31,44907.20,113420000,0.02
KSE100,2018-01-24,45037.35,45494.52,44781.83,45063.21,173350000,0.35
KSE100,2018-01-25,45063.21,45179.00,44729.81,44816.71,101410000,-0.55
KSE100,2018-01-26,44825.78,44825.78,44196.57,44551.13,131050000,-0.59
KSE100,2018-01-29,44724.44,44855.77,44337.72,44457.30,87130000,-0.21
KSE100,2018-01-30,44492.11,44615.10,44081.23,44233.11,71900000,-0.50
KSE100,2018-01-31,44252.94,44533.76,43996.42,44049.05,80160000,-0.42
KSE100,2018-02-01,44103.07,44436.39,44103.07,44255.48,70700000,0.47
KSE100,2018-02-02,44341.88,44637.02,44252.88,44301.20,93170000,0.10
KSE100,2018-02-06,43965.88,43965.88,43498.24,43885.51,83380000,-0.94
KSE100,2018-02-07,44039.51,44299.87,44034.24,44096.49,108920000,0.48
KSE100,2018-02-08,44079.12,44151.54,43629.82,43679.87,96620000,-0.94
KSE100,2018-02-09,43533.11,43826.60,43286.24,43808.80,80140000,0.30
KSE100,2018-02-12,43795.20,43900.20,43461.25,43515.08,65910000,-0.67
KSE100,2018-02-13,43582.09,43878.33,43548.81,43690.36,61850000,0.40
KSE100,2018-02-14,43675.68,43781.77,43215.72,43353.04,77840000,-0.77
KSE100,2018-02-15,43377.08,43451.31,42859.85,42942.35,83850000,-0.95
KSE100,2018-02-16,42916.87,43691.28,42916.87,43627.10,63840000,1.59
KSE100,2018-02-19,43753.08,43945.62,43512.09,43572.67,39230000,-0.12
KSE100,2018-02-20,43587.98,43588.77,42864.82,43294.95,68890000,-0.64
KSE100,2018-02-21,43509.98,43623.59,42834.21,42919.78,78210000,-0.87
KSE100,2018-02-22,42701.29,43627.86,42384.18,43528.51,67530000,1.42
KSE100,2018-02-23,43746.75,43797.11,43014.03,43267.20,96110000,-0.60
KSE100,2018-02-26,43443.68,43490.69,42804.50,42911.02,55130000,-0.82
KSE100,2018-02-27,42900.85,43116.82,42606.88,42994.96,64530000,0.20
KSE100,2018-02-28,43022.00,43323.18,43016.54,43239.44,50020000,0.57
KSE100,2018-03-01,43259.45,43634.10,43176.04,43510.39,79830000,0.63
KSE100,2018-03-02,43567.18,43759.13,43412.47,43740.49,84420000,0.53
KSE100,2018-03-05,43797.53,43875.00,43654.69,43829.07,44750000,0.20
KSE100,2018-03-06,43852.32,44044.01,43660.46,43705.10,61330000,-0.28
KSE100,2018-03-07,43712.63,43724.56,43416.45,43441.18,45530000,-0.60
KSE100,2018-03-08,43416.46,43475.56,42940.70,43072.74,69030000,-0.85
KSE100,2018-03-09,43089.18,43188.55,42860.98,43011.26,53890000,-0.14
KSE100,2018-03-12,43020.08,43479.50,43011.86,43410.93,31210000,0.93
KSE100,2018-03-13,43431.31,43707.13,43354.13,43618.07,60040000,0.48
KSE100,2018-03-14,43601.78,43601.95,43346.39,43407.72,47240000,-0.48
KSE100,2018-03-15,43409.07,43509.56,43366.67,43495.07,39440000,0.20
KSE100,2018-03-16,43513.82,43525.59,43314.22,43363.21,54220000,-0.30
KSE100,2018-03-19,43362.88,43620.81,43311.85,43539.60,36110000,0.41
KSE100,2018-03-20,43542.12,44404.86,43542.12,44309.74,92620000,1.77
KSE100,2018-03-21,44450.27,44840.69,44443.51,44645.95,82640000,0.76
KSE100,2018-03-22,44705.94,45032.41,44659.33,45030.22,89210000,0.86
KSE100,2018-03-26,45019.02,45118.16,44784.81,45083.57,56930000,0.12
KSE100,2018-03-27,45100.61,45307.45,44936.12,45004.19,104100000,-0.18
KSE100,2018-03-28,45032.93,45232.77,44899.51,45172.99,142670000,0.38
KSE100,2018-03-29,45157.83,45506.11,45155.51,45489.62,163040000,0.70
KSE100,2018-03-30,45483.29,45604.59,45391.71,45560.30,109230000,0.16
KSE100,2018-04-02,45624.13,45771.40,45413.69,45741.43,128180000,0.40
KSE100,2018-04-03,45744.57,46057.53,45692.02,46013.34,135740000,0.59
KSE100,2018-04-04,46058.24,46447.91,46037.54,46103.61,148450000,0.20
KSE100,2018-04-05,46325.39,46656.93,46085.10,46560.82,113580000,0.99
KSE100,2018-04-06,46783.54,47144.12,46542.82,46637.62,136410000,0.16
KSE100,2018-04-09,46652.16,46828.20,46530.06,46580.62,100590000,-0.12
KSE100,2018-04-10,46599.81,46679.69,46407.10,46476.73,74860000,-0.22
KSE100,2018-04-11,46557.41,46759.47,46472.15,46486.49,106350000,0.02
KSE100,2018-04-12,46576.74,46577.98,46219.85,46331.71,153290000,-0.33
KSE100,2018-04-13,46310.41,46349.69,46036.23,46071.86,105270000,-0.56
KSE100,2018-04-16,46095.83,46095.83,45610.22,45682.24,68260000,-0.85
KSE100,2018-04-17,45690.11,45881.84,45484.94,45801.73,73710000,0.26
KSE100,2018-04-18,45835.14,46003.96,45423.95,45478.63,85230000,-0.71
KSE100,2018-04-19,45460.80,45492.33,45122.75,45387.77,111170000,-0.20
KSE100,2018-04-20,45400.36,45525.73,45153.92,45259.34,57830000,-0.28
KSE100,2018-04-23,45235.40,45452.98,45191.00,45371.95,61790000,0.25
KSE100,2018-04-24,45426.10,45911.61,45409.50,45876.70,84500000,1.11
KSE100,2018-04-25,45885.72,45942.10,45681.74,45718.34,104640000,-0.35
KSE100,2018-04-26,45769.04,45780.94,45427.19,45460.87,86790000,-0.56
KSE100,2018-04-27,45470.35,45671.76,45458.25,45542.78,98490000,0.18
KSE100,2018-04-30,45752.81,45841.40,45424.87,45488.86,155960000,-0.12
KSE100,2018-05-02,45471.74,45484.39,45160.64,45196.37,64760000,-0.64
KSE100,2018-05-03,45214.42,45259.77,44556.18,44746.63,73750000,-1.00
KSE100,2018-05-04,44750.79,44785.32,44467.44,44536.91,68780000,-0.47
KSE100,2018-05-07,44546.19,44763.37,44321.88,44378.52,59940000,-0.36
KSE100,2018-05-08,44364.02,44440.10,43925.64,44066.96,80070000,-0.70
KSE100,2018-05-09,44163.86,44249.13,43386.63,43795.00,80670000,-0.62
KSE100,2018-05-10,43877.06,44139.12,43735.44,43855.78,74290000,0.14
KSE100,2018-05-11,43869.07,44027.58,43550.68,43594.79,86300000,-0.60
KSE100,2018-05-14,43543.08,43543.08,42431.44,42498.86,97490000,-2.51
KSE100,2018-05-15,42478.99,42608.08,41845.31,42459.53,111340000,-0.09
KSE100,2018-05-16,42467.22,42579.81,42198.84,42301.20,39630000,-0.37
KSE100,2018-05-17,42272.84,42277.00,41833.60,41869.65,33400000,-1.02
KSE100,2018-05-18,41886.77,41974.35,41458.12,41623.52,55390000,-0.59
KSE100,2018-05-21,41721.39,41912.68,41591.44,41648.65,52320000,0.06
KSE100,2018-05-22,41657.60,42770.41,41657.60,42744.82,92270000,2.63
KSE100,2018-05-23,42794.31,43060.68,42676.51,42772.25,76690000,0.06
KSE100,2018-05-24,42776.83,42838.15,42446.82,42536.16,68990000,-0.55
KSE100,2018-05-25,42549.15,42570.77,42000.47,42074.09,63100000,-1.09
KSE100,2018-05-28,42051.93,42543.27,41872.34,42138.57,85250000,0.15
KSE100,2018-05-29,42146.76,42667.69,42112.75,42622.74,67530000,1.15
KSE100,2018-05-30,42667.17,42773.81,42337.51,42546.48,84020000,-0.18
KSE100,2018-05-31,42574.60,42919.72,42496.37,42846.64,98880000,0.71
KSE100,2018-06-01,42780.91,42969.38,42749.42,42912.81,38550000,0.15
KSE100,2018-06-04,42903.41,43293.91,42832.94,43268.29,73120000,0.83
KSE100,2018-06-05,43295.58,43747.18,43197.44,43702.58,122610000,1.00
KSE100,2018-06-06,43767.67,44170.72,43679.68,44144.20,158930000,1.01
KSE100,2018-06-07,44178.85,44332.86,43894.34,43948.11,169880000,-0.44
KSE100,2018-06-11,44046.00,44244.07,43838.17,43931.16,104450000,-0.04
KSE100,2018-06-12,43893.15,43968.33,43143.00,43228.90,86900000,-1.60
KSE100,2018-06-13,43217.20,43589.72,43217.20,43507.50,72360000,0.64
KSE100,2018-06-14,43535.38,43731.13,43459.47,43680.68,72200000,0.40
KSE100,2018-06-19,43699.37,43825.11,43511.65,43682.84,63740000,0.00
KSE100,2018-06-20,43683.32,43746.21,42954.89,43002.83,91520000,-1.56
KSE100,2018-06-21,42881.74,42894.63,42296.07,42358.61,153720000,-1.50
KSE100,2018-06-22,42336.83,42499.86,41561.76,41637.38,120520000,-1.70
KSE100,2018-06-25,41642.41,41843.09,40900.74,40978.23,107450000,-1.58
KSE100,2018-06-26,41006.75,41526.57,40990.44,41246.09,91300000,0.65
KSE100,2018-06-27,41281.45,41817.21,41281.45,41717.99,104010000,1.14
KSE100,2018-06-28,41710.35,42077.66,41539.29,41997.85,97000000,0.67
KSE100,2018-06-29,41998.66,42081.88,41750.01,41910.90,90720000,-0.21
KSE100,2018-07-02,41948.67,42136.52,41609.90,41734.05,43090000,-0.42
KSE100,2018-07-03,41738.36,41749.14,41513.95,41564.42,42320000,-0.41
KSE100,2018-07-04,41548.23,41548.23,40274.72,40345.68,74720000,-2.93
KSE100,2018-07-05,40350.51,40755.22,40106.01,40238.81,93330000,-0.26
KSE100,2018-07-06,40223.75,40435.97,40028.64,40284.14,75860000,0.11
KSE100,2018-07-09,40340.52,40372.90,39067.15,39288.48,75600000,-2.47
KSE100,2018-07-10,39261.36,39569.79,38561.31,39452.81,116620000,0.42
KSE100,2018-07-11,39467.64,40061.59,39209.40,39586.76,72460000,0.34
KSE100,2018-07-12,39570.24,39916.44,39236.73,39875.12,59180000,0.73
KSE100,2018-07-13,39856.68,40388.55,39851.61,40271.00,87180000,0.99
KSE100,2018-07-16,40394.30,40464.86,39396.37,39665.77,93220000,-1.50
KSE100,2018-07-17,39658.99,40012.61,39330.88,39932.98,86400000,0.67
KSE100,2018-07-18,40017.55,40980.30,40005.24,40897.90,131270000,2.42
KSE100,2018-07-19,41298.73,41896.08,41298.73,41795.59,178970000,2.19
KSE100,2018-07-20,41810.96,41810.96,41157.45,41221.75,116450000,-1.37
KSE100,2018-07-23,41217.85,41219.17,40418.18,40463.98,61170000,-1.84
KSE100,2018-07-24,40494.45,41461.83,40487.07,41339.22,107580000,2.16
KSE100,2018-07-26,42106.57,42136.06,41696.26,42089.16,129860000,1.81
KSE100,2018-07-27,42089.56,42845.49,42014.05,42786.45,187530000,1.66
KSE100,2018-07-30,43045.59,43605.04,43045.59,43556.63,176410000,1.80
KSE100,2018-07-31,43638.77,43638.86,42603.43,42712.43,158010000,-1.94
KSE100,2018-08-01,42742.89,42940.53,42527.44,42810.04,123660000,0.23
KSE100,2018-08-02,42936.70,42976.17,42286.20,42330.32,170120000,-1.12
KSE100,2018-08-03,42233.74,42553.37,42097.07,42505.05,114140000,0.41
KSE100,2018-08-06,42564.41,42854.32,42453.88,42808.66,76540000,0.71
KSE100,2018-08-07,42838.30,42993.18,42705.04,42760.13,129180000,-0.11
KSE100,2018-08-08,42784.80,42857.12,42639.24,42731.86,92950000,-0.07
KSE100,2018-08-09,42760.66,42960.94,42696.35,42923.95,107400000,0.45
KSE100,2018-08-10,42957.10,43115.52,42798.88,42842.18,137710000,-0.19
KSE100,2018-08-13,42813.29,42857.58,42594.14,42637.58,87290000,-0.48
KSE100,2018-08-15,42764.95,42852.57,42368.48,42446.56,74880000,-0.45
KSE100,2018-08-16,42422.98,42483.11,41750.54,41960.80,83620000,-1.14
KSE100,2018-08-17,42006.53,42552.84,41991.98,42446.62,111780000,1.16
KSE100,2018-08-20,42610.88,42701.54,42309.05,42425.10,71270000,-0.05
KSE100,2018-08-24,42445.43,42618.16,42280.54,42588.29,49170000,0.38
KSE100,2018-08-27,42618.01,42871.15,42618.01,42745.78,106930000,0.37
KSE100,2018-08-28,42730.05,42843.36,42516.35,42544.47,75610000,-0.47
KSE100,2018-08-29,42564.34,42628.34,42157.63,42249.44,58720000,-0.69
KSE100,2018-08-30,42261.44,42273.52,41659.26,41863.52,85930000,-0.91
KSE100,2018-08-31,41888.23,42006.03,41626.70,41742.24,88500000,-0.29
KSE100,2018-09-03,41731.76,41736.28,41192.04,41581.96,80840000,-0.38
KSE100,2018-09-04,41594.98,41790.77,41555.96,41753.89,65129999,0.41
KSE100,2018-09-05,41766.77,41805.34,41495.41,41620.96,70460000,-0.32
KSE100,2018-09-06,41609.97,41715.01,41223.56,41266.39,97340000,-0.85
KSE100,2018-09-07,41329.63,41416.74,40793.70,40854.77,70050000,-1.00
KSE100,2018-09-10,40860.60,40927.49,40369.17,40684.05,60270000,-0.42
KSE100,2018-09-11,40723.40,40943.19,40519.03,40759.53,77720000,0.19
KSE100,2018-09-12,40768.98,40824.38,40424.09,40522.04,69640000,-0.58
KSE100,2018-09-13,40498.05,41150.41,40339.04,41049.91,93500000,1.30
KSE100,2018-09-14,41147.91,41230.69,40790.06,40920.31,80630000,-0.32
KSE100,2018-09-17,40933.53,40961.36,40255.23,40520.47,69400000,-0.98
KSE100,2018-09-18,40540.53,41270.43,40438.03,41238.07,83320000,1.77
KSE100,2018-09-19,41299.73,41357.34,41100.58,41320.13,95320000,0.20
KSE100,2018-09-24,41394.97,41533.64,40899.28,41004.55,54850000,-0.76
KSE100,2018-09-25,41018.81,41193.18,40957.32,41036.30,54640000,0.08
KSE100,2018-09-26,41073.37,41139.37,40717.78,40909.91,77040000,-0.31
KSE100,2018-09-27,40904.34,40972.79,40383.23,40851.80,95300000,-0.14
KSE100,2018-09-28,40862.69,41047.08,40622.11,40998.59,98750000,0.36
KSE100,2018-10-01,40985.03,41029.06,40709.29,40929.44,71480000,-0.17
KSE100,2018-10-02,40974.07,41214.48,40739.76,40800.25,66599999,-0.32
KSE100,2018-10-03,40818.60,40838.86,40471.30,40560.19,52640000,-0.59
KSE100,2018-10-04,40568.92,40603.73,39993.98,40087.12,54990000,-1.17
KSE100,2018-10-05,40081.75,40136.32,39030.03,39226.35,87370000,-2.15
KSE100,2018-10-08,39224.88,39297.31,37769.61,37898.29,113820000,-3.39
KSE100,2018-10-09,37965.23,39027.34,37965.23,38504.84,125040000,1.60
KSE100,2018-10-10,38551.30,38826.80,37894.09,38792.09,112570000,0.75
KSE100,2018-10-11,38743.35,38743.35,38256.70,38398.30,84710000,-1.02
KSE100,2018-10-12,38445.08,38445.08,37405.40,37517.93,92220000,-2.29
KSE100,2018-10-15,37453.24,37575.89,36274.25,36767.57,105520000,-2.00
KSE100,2018-10-16,36784.07,37339.49,36491.56,36663.38,92130000,-0.28
KSE100,2018-10-17,36686.20,37704.08,36684.95,37647.34,101310000,2.68
KSE100,2018-10-18,37806.08,38189.16,37438.38,37982.25,116460000,0.89
KSE100,2018-10-19,38019.32,38467.41,37759.95,38430.27,115560000,1.18
KSE100,2018-10-22,38505.97,38783.87,38266.93,38345.42,138850000,-0.22
KSE100,2018-10-23,38345.42,38365.32,37582.69,37714.90,117840000,-1.64
KSE100,2018-10-24,38580.29,39296.33,38580.29,39271.12,167680000,4.13
KSE100,2018-10-25,39697.70,40069.40,39409.49,39631.91,200460000,0.92
KSE100,2018-10-26,39736.39,40604.91,39375.42,40556.45,237220000,2.33
KSE100,2018-10-29,40556.45,41513.63,40556.45,41453.76,279100000,2.21
KSE100,2018-10-30,41648.88,41792.81,41366.58,41609.03,220160000,0.37
KSE100,2018-10-31,41611.95,41825.55,41237.48,41649.36,178970000,0.10
KSE100,2018-11-01,41616.27,41827.05,41454.54,41716.10,151710000,0.16
KSE100,2018-11-02,41701.98,42243.83,41607.16,42004.09,209720000,0.69
KSE100,2018-11-05,41892.22,41892.22,41033.87,41493.96,145500000,-1.21
KSE100,2018-11-06,41432.27,41554.31,40755.79,40958.53,142330000,-1.29
KSE100,2018-11-07,41326.74,41597.93,41231.19,41543.98,169720000,1.43
KSE100,2018-11-08,41623.58,41650.70,41284.64,41367.38,133410000,-0.43
KSE100,2018-11-09,41332.75,41567.19,41208.35,41388.88,139980000,0.05
KSE100,2018-11-12,41414.31,41572.17,41052.97,41096.33,96970000,-0.71
KSE100,2018-11-13,41112.26,41202.42,40760.59,41152.28,91310000,0.14
KSE100,2018-11-14,40874.22,41322.77,40763.44,40994.05,146560000,-0.38
KSE100,2018-11-15,41018.60,41477.90,40942.26,41428.63,145160000,1.06
KSE100,2018-11-16,41536.07,41804.81,41439.41,41660.75,107560000,0.56
KSE100,2018-11-19,41682.92,41682.92,41240.51,41352.77,68040000,-0.74
KSE100,2018-11-20,41376.42,41465.81,41214.11,41419.24,79640000,0.16
KSE100,2018-11-22,41367.89,41367.89,40795.96,40874.03,88920000,-1.32
KSE100,2018-11-23,40839.64,40899.47,40655.08,40869.28,69740000,-0.01
KSE100,2018-11-26,40882.10,41144.09,40664.17,40771.55,68880000,-0.24
KSE100,2018-11-27,40825.54,40925.43,40520.47,40894.22,70710000,0.30
KSE100,2018-11-28,40944.66,41081.23,40653.71,40704.80,76390000,-0.46
KSE100,2018-11-29,40717.95,40781.43,40462.91,40638.83,53320000,-0.16
KSE100,2018-11-30,40625.67,40936.73,40339.93,40496.03,212880000,-0.35
KSE100,2018-12-03,40383.27,40383.44,39015.62,39160.60,102660000,-3.30
KSE100,2018-12-04,38889.68,39657.96,38889.24,39602.87,140550000,1.13
KSE100,2018-12-05,39607.10,39607.10,38719.62,39303.11,87960000,-0.76
KSE100,2018-12-06,39371.09,39448.28,38247.01,38300.62,121440000,-2.55
KSE100,2018-12-07,38300.33,38651.88,37779.67,38562.05,91390000,0.68
KSE100,2018-12-10,38826.23,39438.68,38826.23,39299.62,113190000,1.91
KSE100,2018-12-11,39338.68,39338.68,38801.13,38851.96,84430000,-1.14
KSE100,2018-12-12,38770.56,38810.15,38130.07,38307.44,107040000,-1.40
KSE100,2018-12-13,38328.51,38464.79,37767.01,38011.63,57730000,-0.77
KSE100,2018-12-14,38062.64,38597.68,38033.83,38585.66,65900000,1.51
KSE100,2018-12-17,38542.41,38579.06,38203.63,38309.17,46130000,-0.72
KSE100,2018-12-18,38245.98,38323.44,37979.03,38115.81,68150000,-0.50
KSE100,2018-12-19,38051.78,38179.27,37859.18,38063.15,70420000,-0.14
KSE100,2018-12-20,38069.42,38379.69,38014.48,38236.52,81890000,0.46
KSE100,2018-12-21,38241.05,38487.37,37845.42,38251.04,98560000,0.04
KSE100,2018-12-24,38222.81,38347.25,37934.01,38308.92,57690000,0.15
KSE100,2018-12-26,38318.41,38358.08,38168.54,38218.07,61080000,-0.24
KSE100,2018-12-27,38382.24,38460.10,37701.16,37853.57,69740000,-0.95
KSE100,2018-12-28,37368.80,37368.80,36918.66,37167.02,133400000,-1.81
KSE100,2018-12-31,37071.76,37206.17,36802.40,37066.67,164220000,-0.27
KSE100,2019-01-01,37067.98,38046.98,37046.21,37995.76,63470000,2.51
KSE100,2019-01-02,38046.70,38449.04,37710.38,37795.25,88050000,-0.53
KSE100,2019-01-03,37807.99,37928.37,37374.05,37542.01,46100000,-0.67
KSE100,2019-01-04,37565.24,37813.99,37474.66,37547.49,37890000,0.01
KSE100,2019-01-07,37621.24,38626.80,37621.24,38562.40,103490000,2.70
KSE100,2019-01-08,38632.14,39148.92,38599.75,39052.50,105120000,1.27
KSE100,2019-01-09,39201.03,39267.53,38816.50,38921.69,96860000,-0.33
KSE100,2019-01-10,39023.67,39225.55,38997.55,39090.28,66450000,0.43
KSE100,2019-01-11,39116.62,39278.20,38780.18,39049.08,91600000,-0.11
KSE100,2019-01-14,39177.03,39504.49,39139.43,39412.55,83820000,0.93
KSE100,2019-01-15,39430.20,39711.92,39358.16,39614.17,89300000,0.51
KSE100,2019-01-16,39608.15,39622.47,39225.41,39271.94,69180000,-0.86
KSE100,2019-01-17,39265.66,39294.47,38780.37,39243.89,78830000,-0.07
KSE100,2019-01-18,39243.22,39390.77,39091.52,39306.50,121610000,0.16
KSE100,2019-01-21,39345.13,39812.36,39345.13,39543.77,77050000,0.60
KSE100,2019-01-22,39557.26,39959.22,39485.76,39902.21,88460000,0.91
KSE100,2019-01-23,39971.54,40198.28,39905.03,40057.85,106620000,0.39
KSE100,2019-01-24,40592.67,40609.03,40221.34,40289.16,158760000,0.58
KSE100,2019-01-25,40307.01,40379.95,40165.72,40264.78,116780000,-0.06
KSE100,2019-01-28,40277.09,40465.15,40261.39,40420.09,68020000,0.39
KSE100,2019-01-29,40421.95,40647.97,40307.23,40624.39,73700000,0.51
KSE100,2019-01-30,40644.33,40776.92,40530.69,40607.12,53850000,-0.04
KSE100,2019-01-31,40635.66,40860.79,40635.66,40799.52,125880000,0.47
KSE100,2019-02-01,40810.70,41207.97,40793.36,41112.71,127550000,0.77
KSE100,2019-02-04,41209.08,41630.13,41209.08,41614.39,138380000,1.22
KSE100,2019-02-06,41693.37,41766.93,41417.82,41505.68,118360000,-0.26
KSE100,2019-02-07,41529.25,41606.27,41289.12,41332.75,64170000,-0.42
KSE100,2019-02-08,41358.68,41453.10,40790.60,40887.35,124640000,-1.08
KSE100,2019-02-11,41038.02,41076.26,40218.37,40326.53,87570000,-1.37
KSE100,2019-02-12,40326.19,40637.26,40269.00,40596.28,91160000,0.67
KSE100,2019-02-13,40692.74,40839.09,40484.58,40544.11,102390000,-0.13
KSE100,2019-02-14,40544.99,40589.15,40318.01,40506.98,58300000,-0.09
KSE100,2019-02-15,40515.20,40646.39,40361.03,40486.67,46640000,-0.05
KSE100,2019-02-18,40605.13,40654.65,40000.11,40219.47,57940000,-0.66
KSE100,2019-02-19,40242.45,40320.58,39941.97,39957.07,56020000,-0.65
KSE100,2019-02-20,39943.99,40330.04,39688.75,40279.38,89400000,0.81
KSE100,2019-02-21,40317.66,40416.53,39882.23,40070.71,76300000,-0.52
KSE100,2019-02-22,39982.37,40082.21,39799.93,40016.13,66269999,-0.14
KSE100,2019-02-25,39990.34,40046.25,39550.65,39606.79,44190000,-1.02
KSE100,2019-02-26,39421.88,39421.88,38726.73,38821.67,104830000,-1.98
KSE100,2019-02-27,38630.12,38857.90,37330.38,38692.69,178890000,-0.33
KSE100,2019-02-28,38815.24,39149.33,38558.45,39054.60,102340000,0.94
KSE100,2019-03-01,39083.98,39713.42,39083.98,39539.01,94700000,1.24
KSE100,2019-03-04,39550.18,39841.74,39499.36,39749.74,141760000,0.53
KSE100,2019-03-05,39775.16,39955.28,39598.97,39688.51,126660000,-0.15
KSE100,2019-03-06,39718.18,39845.59,39494.88,39568.10,61610000,-0.30
KSE100,2019-03-07,39662.44,39747.18,39257.99,39294.10,46360000,-0.69
KSE100,2019-03-08,39313.75,39323.43,38866.69,38950.23,46120000,-0.88
KSE100,2019-03-11,39012.48,39146.44,38875.82,38924.11,50340000,-0.07
KSE100,2019-03-12,38937.01,39030.25,38648.12,38896.49,54160000,-0.07
KSE100,2019-03-13,38874.25,39060.58,38828.52,38928.93,67530000,0.08
KSE100,2019-03-14,38936.09,38999.39,38751.60,38808.61,58900000,-0.31
KSE100,2019-03-15,38799.91,38839.01,38187.48,38306.95,100360000,-1.29
KSE100,2019-03-18,38355.84,38882.82,38161.72,38851.95,74810000,1.42
KSE100,2019-03-19,38913.36,39011.54,38528.11,38612.37,54800000,-0.62
KSE100,2019-03-20,38600.56,38666.55,38427.64,38547.76,56160000,-0.17
KSE100,2019-03-21,38548.18,38593.48,38202.28,38384.71,55290000,-0.42
KSE100,2019-03-22,38437.17,38721.05,38389.86,38531.87,54200000,0.38
KSE100,2019-03-25,38520.35,38520.35,38053.15,38128.66,36490000,-1.05
KSE100,2019-03-26,38161.08,38372.89,38039.69,38329.13,50860000,0.53
KSE100,2019-03-27,38382.06,38981.12,38369.12,38965.01,91760000,1.66
KSE100,2019-03-28,38960.67,38960.67,38418.90,38552.95,54350000,-1.06
KSE100,2019-03-29,38555.65,38733.37,38483.46,38649.34,82770000,0.25
KSE100,2019-04-01,38633.56,38633.56,38211.08,38354.85,39700000,-0.76
KSE100,2019-04-02,38423.14,38557.74,37932.29,38036.03,65300000,-0.83
KSE100,2019-04-03,38050.80,38119.14,37855.09,38022.80,63000000,-0.03
KSE100,2019-04-04,38037.79,38042.60,37413.09,37516.11,63150000,-1.33
KSE100,2019-04-05,37517.13,37592.27,37307.14,37521.81,48070000,0.02
KSE100,2019-04-08,37552.90,37552.90,36738.96,36921.91,73330000,-1.60
KSE100,2019-04-09,36906.30,37270.58,36593.20,37129.97,108850000,0.56
KSE100,2019-04-10,37138.79,37170.36,36464.85,36579.32,73300000,-1.48
KSE100,2019-04-11,36555.20,36910.03,36499.34,36787.64,101700000,0.57
KSE100,2019-04-12,36788.89,37420.92,36741.70,37337.87,125960000,1.50
KSE100,2019-04-15,37431.00,37698.79,37281.15,37504.08,134910000,0.45
KSE100,2019-04-16,37519.57,37635.56,37339.21,37381.95,95320000,-0.33
KSE100,2019-04-17,37385.04,37418.67,36692.21,36752.57,123090000,-1.68
KSE100,2019-04-18,36737.51,36919.95,36419.36,36811.86,151840000,0.16
KSE100,2019-04-19,36827.08,37729.12,36818.16,37292.47,139070000,1.31
KSE100,2019-04-22,37474.80,37479.27,36839.29,36901.69,104280000,-1.05
KSE100,2019-04-23,36901.24,36911.61,36136.11,36404.03,95420000,-1.35
KSE100,2019-04-24,36375.22,36733.05,36332.28,36504.25,93220000,0.28
KSE100,2019-04-25,36520.00,36914.41,36515.16,36796.03,84270000,0.80
KSE100,2019-04-26,36806.86,37158.35,36787.44,37130.63,109320000,0.91
KSE100,2019-04-29,37201.59,37437.72,36949.92,37026.27,132610000,-0.28
KSE100,2019-04-30,36993.38,37037.30,36708.20,36784.44,82530000,-0.65
KSE100,2019-05-02,36776.22,36857.75,36508.22,36547.63,50970000,-0.64
KSE100,2019-05-03,36544.90,36556.42,36071.10,36122.95,48580000,-1.16
KSE100,2019-05-06,36127.08,36191.43,35570.38,35605.42,54350000,-1.43
KSE100,2019-05-07,35597.80,35806.33,35491.20,35631.06,54580000,0.07
KSE100,2019-05-08,35666.78,35697.73,34849.84,35035.03,86780000,-1.67
KSE100,2019-05-09,35025.23,35300.26,34828.94,34887.64,60130000,-0.42
KSE100,2019-05-10,34856.43,34875.70,34646.97,34716.53,30120000,-0.49
KSE100,2019-05-13,34850.59,35227.92,33779.66,33900.38,89960000,-2.35
KSE100,2019-05-14,33932.93,34067.27,33691.66,33885.09,82180000,-0.05
KSE100,2019-05-15,33998.92,34443.91,33946.93,34291.65,92190000,1.20
KSE100,2019-05-16,34361.39,34416.46,33574.85,33971.12,85080000,-0.93
KSE100,2019-05-17,33933.67,33944.16,33005.99,33166.62,63320000,-2.37
KSE100,2019-05-20,33037.18,33322.39,32352.40,33250.54,132060000,0.25
KSE100,2019-05-21,33260.94,33549.62,32852.23,33442.10,127620000,0.58
KSE100,2019-05-22,33618.29,34698.56,33618.29,34637.14,140770000,3.57
KSE100,2019-05-23,35086.46,35631.13,34897.68,35581.34,164340000,2.73
KSE100,2019-05-24,35635.17,35766.70,35435.91,35703.81,110420000,0.34
KSE100,2019-05-27,35818.33,35892.29,35610.41,35697.37,94510000,-0.02
KSE100,2019-05-28,35690.61,35709.12,34900.07,34949.28,122790000,-2.10
KSE100,2019-05-29,35083.36,35993.61,35083.36,35959.43,151480000,2.89
KSE100,2019-05-30,36218.83,36536.78,35655.25,35974.79,176400000,0.04
KSE100,2019-06-03,35890.48,35890.48,35425.32,35505.29,92620000,-1.31
KSE100,2019-06-10,35505.29,35505.29,34468.16,34567.55,74890000,-2.64
KSE100,2019-06-11,34567.55,34798.60,34267.59,34659.85,93100000,0.27
KSE100,2019-06-12,34617.62,35137.56,34608.32,34937.93,113580000,0.80
KSE100,2019-06-13,34880.34,35501.37,34858.14,35403.07,118530000,1.33
KSE100,2019-06-14,35443.40,35659.35,35295.64,35572.95,129020000,0.48
KSE100,2019-06-17,35601.39,35625.47,35110.73,35168.82,87300000,-1.14
KSE100,2019-06-18,35166.09,35186.09,34608.61,34681.72,82050000,-1.39
KSE100,2019-06-19,34673.53,34813.90,34522.41,34656.12,74200000,-0.07
KSE100,2019-06-20,34691.80,35061.54,34645.96,34995.91,92010000,0.98
KSE100,2019-06-21,35106.58,35207.59,35036.62,35125.25,81670000,0.37
KSE100,2019-06-24,35147.18,35194.64,34368.46,34471.95,58100000,-1.86
KSE100,2019-06-25,34416.62,34450.86,33984.60,34190.62,106960000,-0.82
KSE100,2019-06-26,34261.32,34290.58,33731.94,34088.56,115480000,-0.30
KSE100,2019-06-27,34101.39,34261.92,33521.38,33774.42,111730000,-0.92
KSE100,2019-06-28,33776.38,33936.23,33409.50,33901.58,149240000,0.38
KSE100,2019-07-01,33963.89,34068.58,33825.85,33996.33,37680000,0.28
KSE100,2019-07-02,34013.28,34340.23,33918.97,34307.11,73910000,0.91
KSE100,2019-07-03,34320.93,34938.44,34320.93,34896.55,99350000,1.72
KSE100,2019-07-04,35132.54,35279.32,34466.62,34570.62,88950000,-0.93
KSE100,2019-07-05,34525.67,34536.70,34062.98,34190.02,42350000,-1.10
KSE100,2019-07-08,34184.57,34229.63,33686.20,33742.68,46790000,-1.31
KSE100,2019-07-09,33750.85,34051.01,33656.21,33855.58,48350000,0.33
KSE100,2019-07-10,33887.27,33955.00,33796.91,33840.05,25850000,-0.05
KSE100,2019-07-11,33879.14,33957.79,33724.98,33875.40,23390000,0.10
KSE100,2019-07-12,33865.68,34001.76,33599.48,33672.49,43370000,-0.60
KSE100,2019-07-15,33644.53,33646.59,32895.82,32958.35,52230000,-2.12
KSE100,2019-07-16,32914.92,33093.79,32604.64,32972.02,119500000,0.04
KSE100,2019-07-17,33028.93,33381.32,32835.05,32981.99,93840000,0.03
KSE100,2019-07-18,32949.25,33014.74,32223.54,32309.54,71670000,-2.04
KSE100,2019-07-19,32251.51,32549.31,31901.28,32458.77,106390000,0.46
KSE100,2019-07-22,32625.27,32723.68,32391.55,32584.55,38190000,0.39
KSE100,2019-07-23,32602.00,32758.44,32455.10,32715.88,79620000,0.40
KSE100,2019-07-24,32726.15,32765.08,32348.91,32401.40,72690000,-0.96
KSE100,2019-07-25,32484.35,32502.22,32150.26,32446.40,54380000,0.14
KSE100,2019-07-26,32438.51,32439.16,32031.98,32103.27,67300000,-1.06
KSE100,2019-07-29,32103.27,32122.09,31717.76,31734.23,37370000,-1.15
KSE100,2019-07-30,31734.23,31774.21,31485.76,31658.12,40950000,-0.24
KSE100,2019-07-31,31658.12,31968.78,31545.26,31938.48,,0.89
KSE100,2019-08-01,31938.48,32060.58,31780.92,31839.11,,-0.31
KSE100,2019-08-02,31839.11,31842.30,31434.14,31666.41,,-0.54
KSE100,2019-08-05,31666.41,31666.41,30978.96,31180.80,,-1.53
KSE100,2019-08-06,31180.80,31330.04,30946.73,31000.67,,-0.58
KSE100,2019-08-07,31000.67,31000.67,30229.38,30277.45,,-2.33
KSE100,2019-08-08,30277.45,30277.45,29400.28,29737.98,,-1.78
KSE100,2019-08-09,29737.98,30034.68,29332.80,29429.07,,-1.04
KSE100,2019-08-16,29429.07,29429.07,28691.79,28764.63,,-2.26
KSE100,2019-08-19,28764.63,29609.16,28670.98,29562.42,,2.77
KSE100,2019-08-20,29562.42,30503.11,29562.42,30419.22,,2.90
KSE100,2019-08-21,30419.22,31101.31,30419.22,30972.75,,1.82
KSE100,2019-08-22,30972.75,31913.32,30972.75,31884.45,,2.94
KSE100,2019-08-23,31884.45,32100.56,31225.06,31350.01,,-1.68
KSE100,2019-08-26,31350.02,31350.02,30410.54,30520.60,,-2.65
KSE100,2019-08-27,30520.60,30641.84,29952.73,30584.85,,0.21
KSE100,2019-08-28,30584.85,31112.82,30551.91,30637.71,,0.17
KSE100,2019-08-29,30637.71,30808.44,30111.56,30158.96,,-1.56
KSE100,2019-08-30,30158.96,30309.64,29559.82,29672.12,,-1.61
KSE100,2019-09-02,29672.12,30178.57,29672.12,30057.29,,1.30
KSE100,2019-09-03,30057.29,30247.32,29739.58,29809.68,,-0.82
KSE100,2019-09-04,29809.68,30378.13,29468.29,30244.73,,1.46
KSE100,2019-09-05,30244.73,30743.62,30145.35,30214.77,,-0.10
KSE100,2019-09-06,30214.77,30550.93,30011.50,30467.20,,0.84
KSE100,2019-09-11,30467.20,31019.81,30467.20,30954.83,,1.60
KSE100,2019-09-12,30954.83,31846.68,30950.85,31546.61,,1.91
KSE100,2019-09-13,31546.61,31630.07,31279.83,31481.31,,-0.21
KSE100,2019-09-16,31481.31,31954.56,31481.31,31928.55,,1.42
KSE100,2019-09-17,31928.55,32106.19,31769.98,31908.92,,-0.06
KSE100,2019-09-18,31908.92,31908.92,31508.75,31555.47,,-1.11
KSE100,2019-09-19,31555.47,32235.29,31475.00,32184.03,,1.99
KSE100,2019-09-20,32184.03,32332.73,32055.30,32111.10,,-0.23
KSE100,2019-09-23,32111.10,32147.65,31710.00,31751.21,,-1.12
KSE100,2019-09-24,31751.21,31892.23,31436.22,31829.24,,0.25
KSE100,2019-09-25,31829.24,31867.79,31472.02,31565.21,,-0.83
KSE100,2019-09-26,31565.21,31592.11,31272.06,31433.89,,-0.42
KSE100,2019-09-27,31433.89,32085.73,31368.81,32070.81,,2.03
KSE100,2019-09-30,32070.81,32395.09,31929.62,32078.85,,0.03
KSE100,2019-10-01,32078.85,32290.39,32002.11,32254.32,,0.55
KSE100,2019-10-02,32254.32,32388.73,32180.71,32363.35,,0.34
KSE100,2019-10-03,32363.35,32833.54,32279.86,32752.25,,1.20
KSE100,2019-10-04,32752.26,33053.79,32699.24,33033.32,,0.86
KSE100,2019-10-07,33033.32,33850.96,32947.22,33636.82,,1.83
KSE100,2019-10-08,33636.82,33872.18,33409.12,33476.62,,-0.48
KSE100,2019-10-09,33476.62,33604.16,33339.32,33523.74,,0.14
KSE100,2019-10-10,33523.74,34047.11,33523.74,34027.70,,1.50
KSE100,2019-10-11,34027.70,34689.30,34027.70,34475.69,,1.32
KSE100,2019-10-14,34475.69,34697.34,34124.81,34186.26,,-0.84
KSE100,2019-10-15,34186.26,34259.23,33929.19,34083.53,,-0.30
KSE100,2019-10-16,34083.53,34434.06,34083.53,34281.09,,0.58
KSE100,2019-10-17,34281.09,34361.45,33836.97,33898.56,,-1.12
KSE100,2019-10-18,33898.56,34096.39,33667.80,33870.15,,-0.08
KSE100,2019-10-21,33870.15,33885.47,33074.86,33084.73,,-2.32
KSE100,2019-10-22,33084.73,33240.10,32960.65,33198.96,,0.35
KSE100,2019-10-23,33198.96,33639.76,33198.96,33439.69,,0.73
KSE100,2019-10-24,33439.69,33862.64,33439.69,33762.48,,0.97
KSE100,2019-10-25,33762.48,33943.81,33597.86,33657.46,,-0.31
KSE100,2019-10-28,33657.46,34008.35,33572.36,33861.59,,0.61
KSE100,2019-10-29,33861.59,34016.55,33715.97,33797.51,,-0.19
KSE100,2019-10-30,33797.51,33951.48,33670.70,33761.41,,-0.11
KSE100,2019-10-31,33761.41,34306.00,33761.41,34203.68,,1.31
KSE100,2019-11-01,34203.68,34489.51,34108.10,34377.61,,0.51
KSE100,2019-11-04,34377.61,35309.01,34377.61,35277.46,,2.62
KSE100,2019-11-05,35277.46,35608.77,35243.22,35358.31,,0.23
KSE100,2019-11-06,35358.31,35985.21,35358.31,35653.33,,0.83
KSE100,2019-11-07,35653.33,35834.24,35458.10,35758.52,,0.30
KSE100,2019-11-08,35758.52,36048.52,35758.52,35978.16,,0.61
KSE100,2019-11-11,35978.16,36817.73,35978.16,36803.10,,2.29
KSE100,2019-11-12,36803.10,37171.04,36672.22,36765.56,,-0.10
KSE100,2019-11-13,36765.56,37289.41,36481.03,37166.96,,1.09
KSE100,2019-11-14,37166.96,37507.02,37130.01,37243.20,,0.21
KSE100,2019-11-15,37243.20,37634.75,37225.61,37583.89,,0.91
KSE100,2019-11-18,37583.89,38452.73,37583.89,38411.56,,2.20
KSE100,2019-11-19,38411.56,38911.46,38393.61,38564.37,,0.40
KSE100,2019-11-20,38564.37,38661.71,37977.63,38037.68,,-1.37
KSE100,2019-11-21,38037.68,38096.56,37033.45,37101.31,,-2.46
KSE100,2019-11-22,37101.31,37948.37,36953.96,37925.79,,2.22
KSE100,2019-11-25,37925.79,38293.08,37839.03,38212.28,,0.76
KSE100,2019-11-26,38212.28,38568.05,37535.89,37795.05,,-1.09
KSE100,2019-11-27,37795.05,38122.72,37671.63,38122.72,,0.87
KSE100,2019-11-28,38122.72,38847.19,38122.72,38706.27,,1.53
KSE100,2019-11-29,38706.27,39452.76,38706.27,39287.65,,1.50
KSE100,2019-12-02,39287.65,40144.12,39287.65,40124.22,,2.13
KSE100,2019-12-03,40124.22,40444.05,39725.70,39788.73,,-0.84
KSE100,2019-12-04,39788.73,40306.55,39659.43,40270.52,,1.21
KSE100,2019-12-05,40270.52,40809.31,40270.52,40641.10,,0.92
KSE100,2019-12-06,40641.10,40987.76,40595.96,40732.25,,0.22
KSE100,2019-12-09,40732.25,40916.39,40314.94,40442.80,,-0.71
KSE100,2019-12-10,40442.81,40704.22,40259.03,40664.60,,0.55
KSE100,2019-12-11,40664.60,40911.19,40450.98,40531.42,,-0.33
KSE100,2019-12-12,40531.42,40769.88,40172.32,40514.17,,-0.04
KSE100,2019-12-13,40514.17,41077.82,40514.17,40916.59,,0.99
KSE100,2019-12-16,40916.59,41699.04,40916.59,41644.88,,1.78
KSE100,2019-12-17,41644.88,42056.14,41025.71,41768.66,,0.30
KSE100,2019-12-18,41768.66,41920.62,41389.60,41603.71,,-0.39
KSE100,2019-12-19,41603.71,41796.33,40414.36,40655.37,,-2.28
KSE100,2019-12-20,40655.37,41054.42,40493.99,40832.99,,0.44
KSE100,2019-12-23,40832.99,40832.99,39931.78,40008.29,,-2.02
KSE100,2019-12-24,40008.29,40488.68,39455.33,40328.32,,0.80
KSE100,2019-12-26,40328.32,41148.72,40328.32,41127.79,,1.98
KSE100,2019-12-27,41127.79,41289.68,40726.65,40848.53,,-0.68
KSE100,2019-12-30,40848.53,41295.28,40815.80,40887.62,,0.10
KSE100,2019-12-31,40887.62,40997.50,40689.02,40735.08,,-0.37
KSE100,2020-01-01,40735.08,41544.05,40735.08,41400.00,,1.63
KSE100,2020-01-02,41400.00,42543.73,41400.00,42480.76,,2.61
KSE100,2020-01-03,42480.76,42835.08,42077.45,42323.30,,-0.37
KSE100,2020-01-06,42323.30,42323.30,41207.16,41296.24,,-2.43
KSE100,2020-01-07,41296.24,41967.94,41296.24,41904.47,,1.47
KSE100,2020-01-08,41904.47,41939.47,41173.95,41357.56,,-1.31
KSE100,2020-01-09,41357.56,42556.01,41357.56,42523.07,,2.82
KSE100,2020-01-10,42523.07,43241.78,42523.07,43207.05,,1.61
KSE100,2020-01-13,43207.05,43453.34,43037.72,43218.67,,0.03
KSE100,2020-01-14,43218.67,43468.22,43095.41,43207.04,,-0.03
KSE100,2020-01-15,43207.04,43239.88,42877.90,42993.03,,-0.50
KSE100,2020-01-16,42993.02,43205.26,42805.73,43065.10,,0.17
KSE100,2020-01-17,43065.09,43246.61,43017.50,43167.77,,0.24
KSE100,2020-01-20,43167.76,43302.61,42632.58,42747.63,,-0.97
KSE100,2020-01-21,42747.62,42965.41,42338.79,42626.48,,-0.28
KSE100,2020-01-22,42626.47,42675.42,42144.47,42561.27,,-0.15
KSE100,2020-01-23,42561.27,42906.14,42439.68,42506.95,,-0.13
KSE100,2020-01-24,42506.95,42707.43,42250.56,42633.03,,0.30
KSE100,2020-01-27,42633.02,42738.56,42472.16,42539.23,,-0.22
KSE100,2020-01-28,42539.23,42539.23,42153.29,42299.19,,-0.56
KSE100,2020-01-29,42299.19,42429.49,41790.81,41898.70,,-0.95
KSE100,2020-01-30,41898.70,41982.70,41548.04,41903.51,,0.01
KSE100,2020-01-31,41903.50,42137.40,41558.74,41630.94,,-0.65
KSE100,2020-02-03,41630.93,41630.93,40233.64,40409.38,,-2.93
KSE100,2020-02-04,40409.38,40953.29,40349.00,40884.25,,1.18
KSE100,2020-02-06,40884.25,41162.91,40684.18,40724.41,,-0.39
KSE100,2020-02-07,40724.40,40869.49,40046.48,40143.63,,-1.43
KSE100,2020-02-10,40143.63,40150.34,39196.19,39296.70,,-2.11
KSE100,2020-02-11,39296.70,39985.96,39084.86,39714.46,,1.06
KSE100,2020-02-12,39714.46,40637.79,39714.46,40531.13,,2.06
KSE100,2020-02-13,40531.13,40787.09,40323.42,40455.44,,-0.19
KSE100,2020-02-14,40455.44,40603.16,40094.29,40243.26,,-0.52
KSE100,2020-02-17,40243.26,40521.69,40047.93,40276.93,,0.08
KSE100,2020-02-18,40276.93,40600.80,40065.86,40175.35,,-0.25
KSE100,2020-02-19,40175.35,40644.06,40175.35,40574.52,,0.99
KSE100,2020-02-20,40574.52,40697.05,40445.78,40481.65,,-0.23
KSE100,2020-02-21,40481.65,40527.08,40171.10,40249.22,,-0.57
KSE100,2020-02-24,40249.22,40249.22,39079.78,39143.73,,-2.75
KSE100,2020-02-25,39143.73,39247.75,38693.02,38858.45,,-0.73
KSE100,2020-02-26,38858.45,38976.83,38074.16,38338.33,,-1.34
KSE100,2020-02-27,38338.33,38338.33,36918.22,38087.32,,-0.65
KSE100,2020-02-28,38087.32,38307.07,37758.57,37983.62,,-0.27
KSE100,2020-03-02,37983.62,39362.29,37983.62,39296.30,,3.46
KSE100,2020-03-03,39296.30,39866.46,39057.53,39199.68,,-0.25
KSE100,2020-03-04,39199.68,39262.55,38762.44,38906.40,,-0.75
KSE100,2020-03-05,38906.40,39742.50,38906.40,39382.11,,1.22
KSE100,2020-03-06,39382.11,39382.11,38122.96,38219.67,,-2.95
KSE100,2020-03-09,38219.67,38219.67,35917.34,37058.95,,-3.04
KSE100,2020-03-10,37058.95,37734.75,36913.69,37695.75,,1.72
KSE100,2020-03-11,37695.75,38333.09,37523.29,37673.25,,-0.06
KSE100,2020-03-12,37673.25,37673.25,35895.77,35956.69,,-4.56
KSE100,2020-03-13,35956.69,36212.38,34266.91,36060.88,,0.29
KSE100,2020-03-16,36060.88,36060.88,33618.90,33684.91,,-6.59
KSE100,2020-03-17,33684.91,33893.84,32416.41,32616.93,,-3.17
KSE100,2020-03-18,32616.93,32616.93,30378.68,30416.05,,-6.75
KSE100,2020-03-19,30416.05,30515.62,28452.44,30129.83,,-0.94
KSE100,2020-03-20,30129.83,30928.05,29903.81,30667.41,,1.78
KSE100,2020-03-24,30667.41,30667.41,28510.45,28564.83,,-6.86
KSE100,2020-03-25,28564.83,28787.60,27169.14,27228.80,,-4.68
KSE100,2020-03-26,27228.80,28191.33,27046.71,27267.20,,0.14
KSE100,2020-03-27,27267.20,28273.09,27156.53,28109.57,,3.09
KSE100,2020-03-30,28109.57,28114.10,27467.35,28023.39,,-0.31
KSE100,2020-03-31,28023.39,29334.55,28023.39,29231.63,,4.31
KSE100,2020-04-01,29231.63,29691.23,28902.08,29505.57,,0.94
KSE100,2020-04-02,29505.57,30842.00,29460.38,30782.66,,4.33
KSE100,2020-04-03,30782.67,31817.10,30782.67,31621.79,,2.73
KSE100,2020-04-06,31621.79,31915.41,30503.27,30579.15,,-3.30
KSE100,2020-04-07,30579.15,31303.13,30579.15,31231.55,,2.13
KSE100,2020-04-08,31231.55,31238.35,30775.45,30971.27,,-0.83
KSE100,2020-04-09,30971.27,32009.12,30971.27,31837.30,,2.80
KSE100,2020-04-10,31837.30,32086.10,31377.10,32033.20,,0.62
KSE100,2020-04-13,32033.21,32033.21,30928.16,31032.99,,-3.12
KSE100,2020-04-14,31032.99,31395.75,30941.07,31222.74,,0.61
KSE100,2020-04-15,31222.74,31795.18,31181.76,31242.19,,0.06
KSE100,2020-04-16,31242.19,31447.22,31016.41,31329.46,,0.28
KSE100,2020-04-17,31329.46,33257.15,31329.46,32831.83,,4.80
KSE100,2020-04-20,32831.83,33857.54,32831.83,33499.65,,2.03
KSE100,2020-04-21,33499.65,33499.65,32300.73,32422.83,,-3.21
KSE100,2020-04-22,32422.83,32640.17,31893.57,32464.23,,0.13
KSE100,2020-04-23,32464.23,32938.29,32448.53,32850.83,,1.19
KSE100,2020-04-24,32850.83,33069.17,32739.84,32806.38,,-0.14
KSE100,2020-04-27,32806.38,32806.38,32131.08,32314.57,,-1.50
KSE100,2020-04-28,32314.57,32635.91,32284.78,32553.39,,0.74
KSE100,2020-04-29,32553.39,33158.84,32553.39,33158.84,,1.86
KSE100,2020-04-30,33158.84,34178.57,33158.84,34111.64,,2.87
KSE100,2020-05-04,34111.64,34163.92,33709.34,33916.64,,-0.57
KSE100,2020-05-05,33916.64,34385.76,33857.83,33992.75,,0.22
KSE100,2020-05-06,33992.75,34119.51,33675.49,33728.18,,-0.78
KSE100,2020-05-07,33728.18,33811.36,33238.88,33304.16,,-1.26
KSE100,2020-05-08,33304.16,33501.30,33159.05,33267.69,,-0.11
KSE100,2020-05-11,33267.69,33316.06,33126.15,33283.79,,0.05
KSE100,2020-05-12,33283.79,33628.37,33283.79,33603.02,,0.96
KSE100,2020-05-13,33603.02,33802.87,33603.02,33693.04,,0.27
KSE100,2020-05-14,33693.04,33996.92,33686.99,33804.90,,0.33
KSE100,2020-05-15,33804.90,34041.44,33804.90,34008.33,,0.60
KSE100,2020-05-18,34008.33,34393.12,33770.68,33804.97,,-0.60
KSE100,2020-05-19,33804.97,34350.78,33804.97,34158.55,,1.05
KSE100,2020-05-20,34158.55,34224.15,33786.96,33932.81,,-0.66
KSE100,2020-05-21,33932.81,34049.00,33757.37,33836.61,,-0.28
KSE100,2020-05-28,33836.61,33836.61,33598.40,33695.42,,-0.42
KSE100,2020-05-29,33695.42,34048.56,33695.42,33931.23,,0.70
KSE100,2020-06-01,33931.23,34062.14,33820.09,34021.97,,0.27
KSE100,2020-06-02,34021.97,34525.27,34021.97,34408.05,,1.13
KSE100,2020-06-03,34408.05,34657.73,34354.87,34401.42,,-0.02
KSE100,2020-06-04,34401.42,34410.05,34090.13,34119.39,,-0.82
KSE100,2020-06-05,34119.39,34367.74,34081.76,34350.42,,0.68
KSE100,2020-06-08,34350.42,34769.44,34350.42,34749.57,,1.16
KSE100,2020-06-09,34749.57,34855.39,34688.12,34803.60,,0.16
KSE100,2020-06-10,34803.60,35111.54,34803.60,35065.08,,0.75
KSE100,2020-06-11,35065.08,35253.50,34995.42,35128.58,,0.18
KSE100,2020-06-12,35128.58,35128.58,34503.94,34609.09,,-1.48
KSE100,2020-06-15,34611.23,34611.23,33814.86,33824.51,,-2.27
KSE100,2020-06-16,33824.51,34138.30,33824.51,34019.12,,0.58
KSE100,2020-06-17,34019.12,34396.38,33775.76,33848.68,,-0.50
KSE100,2020-06-18,33848.68,33919.82,33471.45,33539.85,,-0.91
KSE100,2020-06-19,33539.85,33699.92,33369.91,33438.94,,-0.30
KSE100,2020-06-22,33438.95,33794.87,33071.36,33737.92,,0.89
KSE100,2020-06-23,33737.92,34072.97,33737.92,34052.61,,0.93
KSE100,2020-06-24,34052.61,34160.87,33937.63,34034.65,,-0.05
KSE100,2020-06-25,34034.65,34034.65,33657.78,33709.63,,-0.95
KSE100,2020-06-26,33709.63,34028.77,33709.63,33939.49,,0.68
KSE100,2020-06-29,33939.49,34207.00,33719.51,34181.80,,0.71
KSE100,2020-06-30,34181.80,34424.61,34146.05,34421.92,,0.70
KSE100,2020-07-01,34421.92,34924.29,34409.87,34889.41,,1.36
KSE100,2020-07-02,34889.41,35177.39,34889.41,34978.18,,0.25
KSE100,2020-07-03,34978.18,35105.16,34918.52,35051.38,,0.21
KSE100,2020-07-06,35051.38,35238.81,35002.11,35202.77,,0.43
KSE100,2020-07-07,35202.77,35472.68,35202.77,35373.35,,0.48
KSE100,2020-07-08,35373.35,35703.22,35373.35,35694.89,,0.91
KSE100,2020-07-09,35694.89,36190.70,35694.89,36142.17,,1.25
KSE100,2020-07-10,36142.17,36279.56,36003.18,36190.40,,0.13
KSE100,2020-07-13,36190.40,36722.13,36190.40,36618.57,,1.18
KSE100,2020-07-14,36618.57,36936.03,36534.70,36745.22,,0.35
KSE100,2020-07-15,36745.22,36891.98,36638.07,36679.03,,-0.18
KSE100,2020-07-16,36679.03,37029.25,36679.03,37001.44,,0.88
KSE100,2020-07-17,37001.44,37354.15,37001.44,37330.85,,0.89
KSE100,2020-07-20,37330.85,37741.15,37330.85,37650.57,,0.86
KSE100,2020-07-21,37650.57,37938.87,37368.52,37700.31,,0.13
KSE100,2020-07-22,37700.31,37986.37,37552.07,37804.61,,0.28
KSE100,2020-07-23,37804.61,38106.95,37540.70,37578.21,,-0.60
KSE100,2020-07-24,37578.21,37863.30,37259.17,37607.62,,0.08
KSE100,2020-07-27,37607.62,38291.77,37607.62,38221.16,,1.63
KSE100,2020-07-28,38221.16,38700.96,38221.16,38627.27,,1.06
KSE100,2020-07-29,38627.27,39124.33,38627.27,38836.27,,0.54
KSE100,2020-07-30,38836.27,39270.46,38781.18,39258.44,,1.09
KSE100,2020-08-03,39258.44,39928.92,39258.44,39871.61,,1.56
KSE100,2020-08-04,39871.61,40330.71,39528.86,39577.62,,-0.74
KSE100,2020-08-05,39577.62,39940.22,39425.57,39882.78,,0.77
KSE100,2020-08-06,39882.78,40422.83,39882.78,40166.12,,0.71
KSE100,2020-08-07,40166.12,40465.95,39971.11,40029.69,,-0.34
KSE100,2020-08-10,40029.69,40195.22,39828.91,39914.76,,-0.29
KSE100,2020-08-11,39914.76,40706.08,39914.76,40559.15,,1.61
KSE100,2020-08-12,40559.15,41117.08,40390.39,40473.18,,-0.21
KSE100,2020-08-13,40473.18,40564.18,39898.22,40290.74,,-0.45
KSE100,2020-08-17,40290.74,40405.41,39939.69,40122.50,,-0.42
KSE100,2020-08-18,40122.50,40434.60,40113.29,40184.01,,0.15
KSE100,2020-08-19,40184.01,40424.92,40065.51,40154.11,,-0.07
KSE100,2020-08-20,40154.11,40249.51,39781.39,39868.55,,-0.71
KSE100,2020-08-21,39868.55,39868.55,39240.07,39621.59,,-0.62
KSE100,2020-08-24,39621.59,39824.56,39473.11,39802.60,,0.46
KSE100,2020-08-25,39802.60,40340.79,39802.60,40292.82,,1.23
KSE100,2020-08-26,40292.82,40894.53,40292.82,40862.59,,1.41
KSE100,2020-08-27,40862.59,41276.54,40862.59,41081.94,,0.54
KSE100,2020-08-28,41081.94,41164.83,40994.04,41056.22,,-0.06
KSE100,2020-08-31,41056.22,41311.06,41016.56,41110.93,,0.13
KSE100,2020-09-01,41110.93,41401.89,41096.58,41377.26,,0.65
KSE100,2020-09-02,41377.26,41932.85,41377.26,41834.85,,1.11
KSE100,2020-09-03,41834.85,42212.93,41834.85,42188.11,,0.84
KSE100,2020-09-04,42188.11,42291.92,41923.68,42023.00,,-0.39
KSE100,2020-09-07,42023.00,42400.25,42023.00,42295.75,,0.65
KSE100,2020-09-08,42295.75,42528.49,41912.60,41985.19,,-0.73
KSE100,2020-09-09,41985.19,42196.17,41610.73,42022.25,,0.09
KSE100,2020-09-10,42022.25,42896.36,42022.25,42647.35,,1.49
KSE100,2020-09-11,42647.35,42869.69,42457.53,42530.67,,-0.27
KSE100,2020-09-14,42530.67,42720.98,42367.81,42531.31,,0.00
KSE100,2020-09-15,42531.31,42831.01,42263.22,42346.42,,-0.43
KSE100,2020-09-16,42346.42,42544.87,42091.97,42282.28,,-0.15
KSE100,2020-09-17,42282.28,42632.41,42276.59,42334.76,,0.12
KSE100,2020-09-18,42334.76,42554.84,42234.59,42504.76,,0.40
KSE100,2020-09-21,42504.76,42551.15,42121.32,42174.13,,-0.78
KSE100,2020-09-22,42174.14,42174.14,41672.45,41828.91,,-0.82
KSE100,2020-09-23,41828.91,42023.06,41755.69,41876.26,,0.11
KSE100,2020-09-24,41876.26,41942.35,41416.90,41806.37,,-0.17
KSE100,2020-09-25,41806.37,42100.73,41601.94,41701.23,,-0.25
KSE100,2020-09-28,41701.23,41785.07,40644.82,40740.95,,-2.30
KSE100,2020-09-29,40740.95,41445.47,40389.80,41204.36,,1.14
KSE100,2020-09-30,41204.36,41438.33,40494.90,40571.48,,-1.54
KSE100,2020-10-01,40571.48,40735.84,40113.95,40676.92,,0.26
KSE100,2020-10-02,40676.92,40838.92,39905.66,40070.83,,-1.49
KSE100,2020-10-05,40070.83,40070.83,38865.10,39072.47,,-2.49
KSE100,2020-10-06,39072.47,39349.29,38568.95,39127.48,,0.14
KSE100,2020-10-07,39127.48,39920.13,39127.48,39849.96,,1.85
KSE100,2020-10-08,39849.96,40412.06,39849.96,40353.62,,1.26
KSE100,2020-10-09,40353.62,40830.22,40307.64,40798.43,,1.10
KSE100,2020-10-12,40798.43,41047.46,40149.78,40209.82,,-1.44
KSE100,2020-10-13,40209.82,40301.36,39645.73,40006.67,,-0.51
KSE100,2020-10-14,40006.68,40183.87,39845.77,40144.29,,0.34
KSE100,2020-10-15,40144.29,40533.67,40006.46,40068.49,,-0.19
KSE100,2020-10-16,40068.50,40220.73,39742.25,40164.02,,0.24
KSE100,2020-10-19,40164.02,40491.13,40077.90,40340.17,,0.44
KSE100,2020-10-20,40340.17,41056.95,40340.17,40956.58,,1.53
KSE100,2020-10-21,40956.58,41613.05,40956.58,41535.92,,1.41
KSE100,2020-10-22,41535.92,41818.24,41088.38,41199.02,,-0.81
KSE100,2020-10-23,41199.02,41383.38,41064.38,41266.00,,0.16
KSE100,2020-10-26,41266.00,41876.79,41266.00,41850.47,,1.42
KSE100,2020-10-27,41850.47,41922.19,41327.72,41381.83,,-1.12
KSE100,2020-10-28,41381.83,41687.33,41069.68,41186.86,,-0.47
KSE100,2020-10-29,41186.86,41186.86,39275.43,39888.00,,-3.15
KSE100,2020-11-02,39888.00,39888.00,38778.68,39112.18,,-1.94
KSE100,2020-11-03,39112.18,40499.64,39112.18,40480.88,,3.50
KSE100,2020-11-04,40480.88,40914.59,40223.45,40281.96,,-0.49
KSE100,2020-11-05,40281.96,41084.90,40281.96,41071.30,,1.96
KSE100,2020-11-06,41071.30,41147.05,40679.61,40731.61,,-0.83
KSE100,2020-11-09,40731.61,40943.80,40596.99,40784.04,,0.13
KSE100,2020-11-10,40784.04,41597.33,40784.04,41153.05,,0.90
KSE100,2020-11-11,41153.05,41330.49,40900.03,41197.32,,0.11
KSE100,2020-11-12,41197.32,41197.32,40492.75,40564.55,,-1.54
KSE100,2020-11-13,40564.56,40689.60,40262.22,40569.35,,0.01
KSE100,2020-11-16,40569.35,40790.39,40470.12,40504.75,,-0.16
KSE100,2020-11-17,40504.75,40964.22,40504.75,40652.67,,0.37
KSE100,2020-11-18,40652.67,40658.15,40344.62,40514.67,,-0.34
KSE100,2020-11-19,40514.67,40745.02,40431.41,40540.70,,0.06
KSE100,2020-11-20,40540.70,40598.24,40126.80,40187.18,,-0.87
KSE100,2020-11-23,40187.18,40187.18,39314.28,39632.52,,-1.38
KSE100,2020-11-24,39632.52,40021.33,39631.07,39863.36,,0.58
KSE100,2020-11-25,39863.36,40431.56,39863.36,40377.53,,1.29
KSE100,2020-11-26,40377.54,41127.49,40377.54,41031.03,,1.62
KSE100,2020-11-27,41031.03,41066.52,40753.30,40807.09,,-0.55
KSE100,2020-11-30,40807.09,41115.10,40669.85,41068.82,,0.64
KSE100,2020-12-01,41068.82,41724.04,41068.82,41665.27,,1.45
KSE100,2020-12-02,41665.27,42074.11,41665.27,42027.38,,0.87
KSE100,2020-12-03,42027.38,42412.51,42009.30,42047.72,,0.05
KSE100,2020-12-04,42047.72,42316.52,42047.72,42207.00,,0.38
KSE100,2020-12-07,42207.00,42321.37,42047.00,42115.31,,-0.22
KSE100,2020-12-08,42115.31,42233.96,41948.35,42101.78,,-0.03
KSE100,2020-12-09,42101.78,42350.23,42030.61,42204.03,,0.24
KSE100,2020-12-10,42204.03,42441.31,42119.63,42305.84,,0.24
KSE100,2020-12-11,42305.84,42628.01,42305.84,42470.39,,0.39
KSE100,2020-12-14,42470.40,43316.11,42470.40,43266.22,,1.87
KSE100,2020-12-15,43266.22,43709.71,43126.48,43250.84,,-0.04
KSE100,2020-12-16,43250.84,43556.06,43183.77,43360.19,,0.25
KSE100,2020-12-17,43360.19,43793.22,43360.19,43766.69,,0.94
KSE100,2020-12-18,43766.69,43955.56,43638.33,43740.55,,-0.06
KSE100,2020-12-21,43740.56,43790.72,43295.64,43333.76,,-0.93
KSE100,2020-12-22,43333.76,43478.97,42757.49,42906.94,,-0.98
KSE100,2020-12-23,42906.94,43216.16,42852.79,43087.70,,0.42
KSE100,2020-12-24,43087.70,43631.36,43087.70,43416.77,,0.76
KSE100,2020-12-28,43416.77,43760.67,43416.77,43674.28,,0.59
KSE100,2020-12-29,43674.28,43912.10,43203.68,43255.55,,-0.96
KSE100,2020-12-30,43282.27,43750.25,43282.27,43694.76,,1.02
KSE100,2020-12-31,43694.76,43890.14,43665.93,43755.38,,0.14
KSE100,2021-01-01,43755.38,44874.86,43755.38,44434.80,,1.55
KSE100,2021-01-04,44434.80,45074.37,44434.80,44686.46,,0.57
KSE100,2021-01-05,44686.46,44830.28,44458.71,44650.43,,-0.08
KSE100,2021-01-06,44650.43,45194.63,44650.43,45153.42,,1.13
KSE100,2021-01-07,45153.42,45619.80,45153.42,45344.54,,0.42
KSE100,2021-01-08,45344.54,45916.33,45344.54,45654.34,,0.68
KSE100,2021-01-11,46086.85,46109.36,45529.48,45605.42,,-0.11
KSE100,2021-01-12,45605.42,46013.36,45605.42,45922.04,,0.69
KSE100,2021-01-13,45922.04,46314.15,45922.04,46091.96,,0.37
KSE100,2021-01-14,46091.96,46272.58,45852.83,45989.35,,-0.22
KSE100,2021-01-15,45989.35,46177.38,45875.21,45931.00,,-0.13
KSE100,2021-01-18,45931.00,46047.56,45714.17,45726.68,,-0.44
KSE100,2021-01-19,45726.68,45978.00,45596.81,45903.23,,0.39
KSE100,2021-01-20,45903.23,45903.23,45545.43,45676.94,,-0.49
KSE100,2021-01-21,45676.94,46143.53,45676.94,45984.46,,0.67
KSE100,2021-01-22,45984.46,46116.85,45690.50,45868.04,,-0.25
KSE100,2021-01-25,45868.04,46189.02,45868.04,46087.64,,0.48
KSE100,2021-01-26,46087.64,46398.01,46087.64,46287.38,,0.43
KSE100,2021-01-27,46287.38,46698.33,46287.38,46458.13,,0.37
KSE100,2021-01-28,46458.13,46645.17,46110.92,46166.05,,-0.63
KSE100,2021-01-29,46166.05,46656.98,46166.05,46385.54,,0.48
KSE100,2021-02-01,46385.54,46762.64,46188.25,46248.45,,-0.30
KSE100,2021-02-02,46248.45,46642.72,46248.45,46580.34,,0.72
KSE100,2021-02-03,46580.34,47123.82,46580.34,46933.63,,0.76
KSE100,2021-02-04,46933.63,47339.21,46746.58,46905.79,,-0.06
KSE100,2021-02-08,46905.79,47074.16,46659.24,46721.87,,-0.39
KSE100,2021-02-09,46721.87,46990.92,46628.97,46674.77,,-0.10
KSE100,2021-02-10,46674.77,46845.44,46341.76,46644.29,,-0.07
KSE100,2021-02-11,46644.29,46935.32,45960.44,46055.52,,-1.26
KSE100,2021-02-12,46055.52,46358.08,45731.88,45808.36,,-0.54
KSE100,2021-02-15,45808.36,46507.42,45808.36,46375.59,,1.24
KSE100,2021-02-16,46375.59,46884.53,46375.59,46867.95,,1.06
KSE100,2021-02-17,46867.95,47305.86,46726.85,46768.14,,-0.21
KSE100,2021-02-18,46768.14,46817.51,46120.61,46142.74,,-1.34
KSE100,2021-02-19,46142.74,46378.35,46137.20,46227.65,,0.18
KSE100,2021-02-22,46227.65,46402.73,45763.05,45890.04,,-0.73
KSE100,2021-02-23,45890.04,46083.66,45663.03,45728.75,,-0.35
KSE100,2021-02-24,45728.75,45887.77,45205.48,45362.58,,-0.80
KSE100,2021-02-25,45362.58,46004.68,45362.58,45965.62,,1.33
KSE100,2021-02-26,45965.63,46239.89,45753.07,45865.02,,-0.22
KSE100,2021-03-01,45865.02,46009.38,45092.80,45593.43,,-0.59
KSE100,2021-03-02,45593.43,46077.92,45535.87,45964.27,,0.81
KSE100,2021-03-03,45964.27,46189.25,45923.57,46160.78,,0.43
KSE100,2021-03-04,46160.78,46160.78,45087.63,45278.53,,-1.91
KSE100,2021-03-05,45278.54,45946.69,45168.21,45837.35,,1.23
KSE100,2021-03-08,45837.35,46432.39,44867.62,45051.05,,-1.72
KSE100,2021-03-09,45051.06,45129.55,43946.30,44222.91,,-1.84
KSE100,2021-03-10,44222.91,44424.04,43620.84,43691.68,,-1.20
KSE100,2021-03-11,43691.68,43891.00,42689.42,42779.76,,-2.09
KSE100,2021-03-12,42779.76,43986.18,42779.76,43788.08,,2.36
KSE100,2021-03-15,43788.08,44839.19,43788.08,44766.59,,2.23
KSE100,2021-03-16,44766.59,44910.93,44545.43,44857.06,,0.20
KSE100,2021-03-17,44857.06,45540.63,44857.06,45450.31,,1.32
KSE100,2021-03-18,45450.31,45612.95,44641.49,44724.09,,-1.60
KSE100,2021-03-19,44724.09,45172.33,44393.28,44901.31,,0.40
KSE100,2021-03-22,44901.31,45465.13,44735.59,45407.33,,1.13
KSE100,2021-03-24,45407.33,45593.61,45258.99,45544.19,,0.30
KSE100,2021-03-25,45544.20,46000.11,45544.20,45726.16,,0.40
KSE100,2021-03-26,45726.16,45757.56,45436.91,45521.63,,-0.45
KSE100,2021-03-29,45521.63,45521.63,44315.43,44431.80,,-2.39
KSE100,2021-03-30,44431.80,44808.63,44199.26,44491.03,,0.13
KSE100,2021-03-31,44491.03,45133.25,44477.90,44587.85,,0.22
KSE100,2021-04-01,44587.85,44877.46,44334.22,44428.10,,-0.36
KSE100,2021-04-02,44428.10,44609.28,44197.90,44300.95,,-0.29
KSE100,2021-04-05,44300.95,44431.24,43471.19,43548.21,,-1.70
KSE100,2021-04-06,43548.21,44478.24,43548.21,44404.70,,1.97
KSE100,2021-04-07,44404.70,44571.91,43758.05,43953.58,,-1.02
KSE100,2021-04-08,43953.58,44759.37,43953.58,44741.36,,1.79
KSE100,2021-04-09,44741.36,45249.61,44741.36,45186.48,,0.99
KSE100,2021-04-12,45186.48,45267.06,44758.34,44978.05,,-0.46
KSE100,2021-04-13,45009.78,45133.41,44887.03,45048.57,,0.16
KSE100,2021-04-14,45048.57,45347.40,45048.57,45311.22,,0.58
KSE100,2021-04-15,45311.22,45447.49,45174.89,45230.18,,-0.18
KSE100,2021-04-16,45230.18,45471.35,45230.18,45305.63,,0.17
KSE100,2021-04-19,45305.63,45305.63,44611.83,44913.57,,-0.87
KSE100,2021-04-20,44913.57,45558.13,44913.57,45399.78,,1.08
KSE100,2021-04-21,45399.78,45626.88,45226.18,45306.54,,-0.21
KSE100,2021-04-22,45306.54,45496.82,44882.75,44929.61,,-0.83
KSE100,2021-04-23,44929.61,44929.61,44363.40,44706.76,,-0.50
KSE100,2021-04-26,44706.76,45952.45,44389.68,45682.77,,2.18
KSE100,2021-04-27,45682.77,45937.68,45169.80,45292.87,,-0.85
KSE100,2021-04-28,45292.87,45588.94,45020.83,45059.12,,-0.52
KSE100,2021-04-29,45059.12,45143.34,44781.30,44863.11,,-0.44
KSE100,2021-04-30,44863.11,45056.90,44151.69,44262.35,,-1.34
KSE100,2021-05-03,44262.35,44326.01,43630.07,44076.20,,-0.42
KSE100,2021-05-04,44076.20,44620.41,44076.20,44563.59,,1.11
KSE100,2021-05-05,44563.59,45173.61,44563.59,44943.61,,0.85
KSE100,2021-05-06,44943.61,45243.83,44889.59,45174.67,,0.51
KSE100,2021-05-17,45174.67,45806.98,45174.67,45796.31,,1.38
KSE100,2021-05-18,45796.31,46033.92,45618.78,45981.82,,0.41
KSE100,2021-05-19,45981.82,45981.82,45612.88,45682.11,,-0.65
KSE100,2021-05-20,45682.11,45831.12,45518.74,45574.07,,-0.24
KSE100,2021-05-21,45574.07,45948.11,45560.13,45914.98,,0.75
KSE100,2021-05-24,45914.98,46314.83,45914.98,46097.11,,0.40
KSE100,2021-05-25,46097.11,46369.19,46048.84,46300.66,,0.44
KSE100,2021-05-26,46300.66,46856.27,46300.66,46812.31,,1.11
KSE100,2021-05-27,46812.31,47204.13,46675.69,46790.75,,-0.05
KSE100,2021-05-28,46790.75,47246.50,46698.23,47126.29,,0.72
KSE100,2021-05-31,47126.29,47979.68,47126.29,47896.34,,1.63
KSE100,2021-06-01,47896.34,48226.56,47896.34,48191.26,,0.62
KSE100,2021-06-02,48191.26,48286.46,47960.46,48126.90,,-0.13
KSE100,2021-06-03,48126.90,48434.40,48010.32,48093.53,,-0.07
KSE100,2021-06-04,48093.53,48426.53,48093.53,48211.70,,0.25
KSE100,2021-06-07,48211.70,48632.95,48211.70,48302.66,,0.19
KSE100,2021-06-08,48302.66,48409.88,48000.26,48147.98,,-0.32
KSE100,2021-06-09,48147.98,48311.92,47725.94,47777.62,,-0.77
KSE100,2021-06-10,47777.62,48287.52,47777.62,48251.49,,0.99
KSE100,2021-06-11,48251.49,48531.40,48245.40,48304.72,,0.11
KSE100,2021-06-14,48304.72,48976.09,48304.72,48726.08,,0.87
KSE100,2021-06-15,48726.08,48841.47,48511.58,48632.56,,-0.19
KSE100,2021-06-16,48632.56,48878.20,48431.96,48480.90,,-0.31
KSE100,2021-06-17,48480.90,48544.65,48115.84,48131.25,,-0.72
KSE100,2021-06-18,48157.63,48411.87,48022.72,48238.67,,0.22
KSE100,2021-06-21,48238.67,48370.42,47963.97,48012.52,,-0.47
KSE100,2021-06-22,48012.52,48154.56,47931.78,47987.14,,-0.05
KSE100,2021-06-23,47987.14,48134.94,47873.14,47900.70,,-0.18
KSE100,2021-06-24,47900.70,48118.23,47897.39,47962.54,,0.13
KSE100,2021-06-25,47962.54,48040.10,47476.38,47703.94,,-0.54
KSE100,2021-06-28,47603.36,47662.35,46902.38,47002.35,,-1.47
KSE100,2021-06-29,47002.35,47508.77,46986.47,47137.77,,0.29
KSE100,2021-06-30,47137.77,47460.31,47137.77,47356.02,,0.46
KSE100,2021-07-01,47356.02,47843.34,47356.02,47800.57,,0.94
KSE100,2021-07-02,47800.57,48079.85,47637.76,47686.18,,-0.24
KSE100,2021-07-05,47686.18,47739.50,47375.13,47429.12,,-0.54
KSE100,2021-07-06,47429.12,47665.41,47242.52,47346.16,,-0.17
KSE100,2021-07-07,47346.16,47375.36,47034.95,47247.92,,-0.21
KSE100,2021-07-08,47247.92,48053.17,47247.92,48053.17,,1.70
KSE100,2021-07-09,48053.17,48053.17,47544.08,47563.45,,-1.02
KSE100,2021-07-12,47563.45,47715.28,47407.85,47447.08,,-0.24
KSE100,2021-07-13,47447.08,47586.07,47439.89,47480.49,,0.07
KSE100,2021-07-14,47480.49,47594.66,47442.19,47491.47,,0.02
KSE100,2021-07-15,47491.47,47737.38,47388.42,47628.26,,0.29
KSE100,2021-07-16,47628.26,47889.70,47627.61,47834.33,,0.43
KSE100,2021-07-19,47834.33,48006.44,47751.38,47873.26,,0.08
KSE100,2021-07-23,47873.26,47946.45,47686.50,47793.07,,-0.17
KSE100,2021-07-26,47793.07,47930.54,47606.89,47672.68,,-0.25
KSE100,2021-07-27,47672.68,47910.12,47616.73,47686.99,,0.03
KSE100,2021-07-28,47686.99,47870.56,47241.55,47318.03,,-0.77
KSE100,2021-07-29,47318.03,47353.91,46955.10,47312.33,,-0.01
KSE100,2021-07-30,47312.33,47642.79,46925.16,47055.29,,-0.54
KSE100,2021-08-02,47055.29,47508.74,47047.14,47453.25,,0.85
KSE100,2021-08-03,47453.25,47808.63,47453.25,47758.32,,0.64
KSE100,2021-08-04,47758.32,47980.12,47709.38,47789.88,,0.07
KSE100,2021-08-05,47789.88,47896.39,47582.77,47640.88,,-0.31
KSE100,2021-08-06,47640.88,47752.77,47425.03,47489.95,,-0.32
KSE100,2021-08-09,47489.95,47625.42,47053.86,47123.62,,-0.77
KSE100,2021-08-10,47123.62,47272.88,46928.16,47135.48,,0.03
KSE100,2021-08-11,47135.48,47627.59,47135.48,47377.38,,0.51
KSE100,2021-08-12,47377.38,47555.99,47175.00,47270.76,,-0.23
KSE100,2021-08-13,47270.76,47320.31,47123.38,47169.84,,-0.21
KSE100,2021-08-16,47169.84,47173.03,46672.19,46912.79,,-0.54
KSE100,2021-08-17,46912.79,47274.52,46912.79,47258.45,,0.74
KSE100,2021-08-20,47258.45,47644.34,47258.45,47599.82,,0.72
KSE100,2021-08-23,47599.82,48144.89,47599.82,48112.21,,1.08
KSE100,2021-08-24,48112.21,48114.95,47739.53,47828.71,,-0.59
KSE100,2021-08-25,47828.71,47916.76,47617.93,47635.90,,-0.40
KSE100,2021-08-26,47635.90,47759.50,47262.11,47363.27,,-0.57
KSE100,2021-08-27,47363.27,47392.24,46869.10,47136.53,,-0.48
KSE100,2021-08-30,47136.53,47468.14,47136.53,47365.70,,0.49
KSE100,2021-08-31,47365.70,47596.04,47349.49,47419.74,,0.11
KSE100,2021-09-01,47419.74,47628.59,47355.14,47413.46,,-0.01
KSE100,2021-09-02,47413.46,47489.40,46874.64,46903.06,,-1.08
KSE100,2021-09-03,46903.06,47113.42,46879.28,46957.47,,0.12
KSE100,2021-09-06,46957.47,47087.30,46888.95,46918.52,,-0.08
KSE100,2021-09-07,46918.52,46994.84,46617.98,46729.96,,-0.40
KSE100,2021-09-08,46729.96,46875.49,46309.86,46396.71,,-0.71
KSE100,2021-09-09,46396.71,46665.48,46396.71,46625.12,,0.49
KSE100,2021-09-10,46625.12,47226.11,46625.12,47198.29,,1.23
KSE100,2021-09-13,47198.29,47369.98,47168.75,47270.46,,0.15
KSE100,2021-09-14,47270.46,47387.34,46607.21,46891.34,,-0.80
KSE100,2021-09-15,46891.34,46952.31,46505.13,46716.72,,-0.37
KSE100,2021-09-16,46716.72,46958.37,46623.41,46920.46,,0.44
KSE100,2021-09-17,46920.46,47181.74,46555.87,46636.08,,-0.61
KSE100,2021-09-20,46636.08,46691.23,46215.18,46528.21,,-0.23
KSE100,2021-09-21,46528.21,46833.14,45778.19,46008.85,,-1.12
KSE100,2021-09-22,46008.85,46031.89,44788.17,45597.24,,-0.89
KSE100,2021-09-23,45597.24,45939.39,45083.51,45296.88,,-0.66
KSE100,2021-09-24,45296.88,45424.26,44861.09,45073.52,,-0.49
KSE100,2021-09-27,45073.52,45236.48,44341.51,44817.76,,-0.57
KSE100,2021-09-28,44817.76,45294.37,44747.22,45274.93,,1.02
KSE100,2021-09-29,45274.93,45342.26,43975.04,44366.74,,-2.01
KSE100,2021-09-30,44366.74,44899.60,43972.09,44899.60,,1.20
KSE100,2021-10-01,44899.60,45003.26,44599.61,44871.70,,-0.06
KSE100,2021-10-04,44871.70,45105.04,44561.82,45044.50,,0.39
KSE100,2021-10-05,45044.50,45101.36,44593.75,44666.57,,-0.84
KSE100,2021-10-06,44666.57,44795.20,44284.55,44373.23,,-0.66
KSE100,2021-10-07,44373.23,44947.38,44373.23,44586.04,,0.48
KSE100,2021-10-08,44586.05,44670.50,44338.17,44477.23,,-0.24
KSE100,2021-10-11,44477.24,44544.10,43718.37,43829.35,,-1.46
KSE100,2021-10-12,43829.35,44051.16,43149.28,43883.08,,0.12
KSE100,2021-10-13,43883.08,44172.74,43067.61,43221.78,,-1.51
KSE100,2021-10-14,43221.78,44431.65,43046.25,44333.68,,2.57
KSE100,2021-10-15,44333.68,44834.83,44197.14,44821.53,,1.10
KSE100,2021-10-18,44821.53,44990.11,44442.28,44629.45,,-0.43
KSE100,2021-10-20,44629.45,45563.61,44629.45,45499.46,,1.95
KSE100,2021-10-21,45499.46,46164.48,45481.99,45821.40,,0.71
KSE100,2021-10-22,45821.40,46037.95,45180.72,45578.36,,-0.53
KSE100,2021-10-25,45608.03,45655.25,45308.07,45429.22,48920000,-0.33
KSE100,2021-10-26,45483.54,45516.78,45213.63,45255.98,69350000,-0.38
KSE100,2021-10-27,45544.03,46024.76,45537.46,45851.04,88030000,1.31
KSE100,2021-10-28,45865.92,46061.63,45765.76,45990.73,95420000,0.30
KSE100,2021-10-29,45980.40,46292.03,45681.59,46218.93,138130000,0.50
KSE100,2021-11-01,46184.71,47251.71,46184.71,46946.21,,1.57
KSE100,2021-11-02,46974.78,47314.75,46974.78,47112.92,,0.36
KSE100,2021-11-03,47112.92,47317.27,46968.41,47032.44,,-0.17
KSE100,2021-11-04,47032.44,47242.82,46936.48,47219.18,,0.40
KSE100,2021-11-05,47219.18,47608.46,47184.15,47295.80,,0.16
KSE100,2021-11-08,47295.80,47442.57,47020.85,47115.04,,-0.38
KSE100,2021-11-09,47115.04,47174.49,46306.91,46399.91,,-1.52
KSE100,2021-11-10,46399.91,46755.32,46399.91,46629.88,,0.50
KSE100,2021-11-11,46629.88,46843.69,46323.59,46348.18,,-0.60
KSE100,2021-11-12,46348.18,46409.11,45717.21,45749.15,,-1.29
KSE100,2021-11-15,45749.15,45910.96,45544.99,45736.26,,-0.03
KSE100,2021-11-16,45736.26,46623.76,45736.26,46542.91,,1.76
KSE100,2021-11-17,46542.91,46655.90,46071.98,46194.42,,-0.75
KSE100,2021-11-18,46194.42,46292.57,45728.42,46110.50,,-0.18
KSE100,2021-11-19,46110.50,46601.79,46001.41,46489.41,,0.82
KSE100,2021-11-22,46489.41,46599.19,45716.60,45745.00,,-1.60
KSE100,2021-11-23,45745.00,45915.61,44881.15,44948.52,,-1.74
KSE100,2021-11-24,44948.52,44983.91,44210.99,44363.70,,-1.30
KSE100,2021-11-25,44363.70,44516.82,43735.65,43935.75,,-0.96
KSE100,2021-11-26,43935.75,44333.71,43736.43,44114.16,,0.41
KSE100,2021-11-29,44114.16,45416.99,43933.50,45330.05,,2.76
KSE100,2021-11-30,45330.05,45757.60,44727.96,45072.38,,-0.57
KSE100,2021-12-01,45072.38,45459.83,45072.38,45369.14,,0.66
KSE100,2021-12-02,45369.14,45369.14,43087.47,43234.15,,-4.71
KSE100,2021-12-03,43234.15,43590.52,42752.76,43232.83,,0.00
KSE100,2021-12-06,43232.83,43547.95,42972.02,43280.77,,0.11
KSE100,2021-12-07,43280.77,44066.16,43280.77,43853.49,,1.32
KSE100,2021-12-08,43853.49,44139.22,43653.06,43846.87,,-0.02
KSE100,2021-12-09,43846.87,43996.62,43273.76,43518.84,,-0.75
KSE100,2021-12-10,43518.84,43606.41,43044.99,43395.78,,-0.28
KSE100,2021-12-13,43395.78,43478.61,42806.68,42876.37,,-1.20
KSE100,2021-12-14,42876.37,43265.80,42715.42,43246.71,,0.86
KSE100,2021-12-15,43246.71,44507.47,43246.71,44366.86,,2.59
KSE100,2021-12-16,44366.86,44392.54,43607.80,43731.20,,-1.43
KSE100,2021-12-17,43731.20,44003.75,43556.61,43900.68,,0.39
KSE100,2021-12-20,43900.68,44484.76,43808.84,44339.95,,1.00
KSE100,2021-12-21,44339.95,44594.66,44122.13,44177.07,,-0.37
KSE100,2021-12-22,44177.07,44292.91,44091.20,44174.97,,0.00
KSE100,2021-12-23,44174.97,44446.99,44108.69,44266.90,,0.21
KSE100,2021-12-24,44266.90,44467.85,44041.52,44118.39,,-0.34
KSE100,2021-12-27,44118.39,44167.58,43846.95,43913.44,,-0.46
KSE100,2021-12-28,43913.44,44117.17,43906.41,44043.74,,0.30
KSE100,2021-12-29,44043.74,44264.84,43941.64,44260.11,,0.49
KSE100,2021-12-30,44260.11,44589.28,44260.11,44416.20,,0.35
KSE100,2021-12-31,44416.20,44646.49,44307.27,44596.07,,0.40
KSE100,2022-01-03,44596.07,44905.35,44509.57,44886.89,,0.65
KSE100,2022-01-04,44886.89,45406.08,44886.89,45390.84,,1.12
KSE100,2022-01-05,45390.84,45438.16,45241.45,45407.89,,0.04
KSE100,2022-01-06,45407.89,45407.89,45021.32,45082.30,,-0.72
KSE100,2022-01-07,45082.30,45364.19,44968.90,45345.65,,0.58
KSE100,2022-01-10,45345.65,45967.29,45206.00,45887.63,,1.20
KSE100,2022-01-11,45887.63,46057.24,45524.23,45881.13,,-0.01
KSE100,2022-01-12,45881.13,46220.40,45872.48,45916.25,,0.08
KSE100,2022-01-13,45916.25,46002.77,45693.80,45763.20,,-0.33
KSE100,2022-01-14,45763.20,45987.88,45734.30,45763.45,,0.00
KSE100,2022-01-17,45763.30,45763.30,45385.97,45612.20,,-0.33
KSE100,2022-01-18,45612.20,45758.10,45469.46,45507.41,,-0.23
KSE100,2022-01-19,45507.41,45575.77,44734.24,44833.43,,-1.48
KSE100,2022-01-20,44833.43,44875.44,44275.23,44825.97,,-0.02
KSE100,2022-01-21,44825.97,45149.19,44755.74,45018.28,,0.43
KSE100,2022-01-24,45018.28,45044.51,44797.42,44923.91,,-0.21
KSE100,2022-01-25,44923.91,45255.43,44846.03,44887.77,,-0.08
KSE100,2022-01-26,44887.77,45030.45,44712.65,44955.05,,0.15
KSE100,2022-01-27,44955.05,45179.89,44955.05,45083.04,,0.28
KSE100,2022-01-28,45083.04,45312.05,45042.25,45077.91,,-0.01
KSE100,2022-01-31,45077.91,45462.62,45077.91,45374.68,,0.66
KSE100,2022-02-01,45374.68,45754.17,45374.68,45674.50,,0.66
KSE100,2022-02-02,45674.50,46139.50,45674.50,46119.15,,0.97
KSE100,2022-02-03,46119.15,46387.64,45818.04,45862.93,,-0.56
KSE100,2022-02-04,45862.93,46129.46,45814.64,45909.65,,0.10
KSE100,2022-02-07,45909.65,46139.82,45799.67,45841.25,,-0.15
KSE100,2022-02-08,45841.25,46040.61,45727.64,45947.95,,0.23
KSE100,2022-02-09,45947.95,46405.86,45947.95,46339.76,,0.85
KSE100,2022-02-10,46339.76,46464.38,45936.74,45940.04,,-0.86
KSE100,2022-02-11,45940.04,46143.91,45838.75,46079.37,,0.30
KSE100,2022-02-14,46079.37,46133.87,45507.45,45644.09,,-0.94
KSE100,2022-02-15,45644.09,45804.00,45502.81,45731.70,,0.19
KSE100,2022-02-16,45731.70,45904.63,45603.93,45684.80,,-0.10
KSE100,2022-02-17,45684.80,45716.89,45258.85,45441.10,,-0.53
KSE100,2022-02-18,45441.10,45705.50,45441.10,45675.87,,0.52
KSE100,2022-02-21,45675.87,45742.83,45342.06,45362.85,,-0.69
KSE100,2022-02-22,45362.85,45362.85,44698.45,45012.18,,-0.77
KSE100,2022-02-23,45012.18,45235.21,44756.23,45132.92,,0.27
KSE100,2022-02-24,45132.92,45132.92,43791.31,43830.51,,-2.89
KSE100,2022-02-25,43830.51,44192.52,43805.73,43984.24,,0.35
KSE100,2022-02-28,43984.24,44557.10,43646.08,44461.01,,1.08
KSE100,2022-03-01,44461.01,45016.65,44461.01,44803.58,,0.77
KSE100,2022-03-02,44803.58,44803.58,44133.88,44514.12,,-0.65
KSE100,2022-03-03,44514.12,44705.74,44311.80,44525.72,,0.03
KSE100,2022-03-04,44525.72,44723.19,44461.06,44551.35,,0.06
KSE100,2022-03-07,44551.35,44551.35,43050.88,43266.97,,-2.88
KSE100,2022-03-08,43266.97,43426.72,42788.53,42878.35,,-0.90
KSE100,2022-03-09,42878.35,43217.19,42865.81,43042.96,,0.38
KSE100,2022-03-10,43042.96,43921.82,43042.96,43853.62,,1.88
KSE100,2022-03-11,43853.62,43966.27,43596.16,43653.33,,-0.46
KSE100,2022-03-14,43653.33,43767.77,43324.94,43366.89,,-0.66
KSE100,2022-03-15,43366.89,43793.57,43326.76,43719.82,,0.81
KSE100,2022-03-16,43719.82,44281.27,43719.82,43975.69,,0.59
KSE100,2022-03-17,43975.69,44187.00,43798.16,43807.23,,-0.38
KSE100,2022-03-18,43807.23,43807.23,42990.55,43029.97,,-1.77
KSE100,2022-03-21,43029.97,43388.18,43029.97,43230.22,,0.47
KSE100,2022-03-22,43230.22,43398.44,43164.20,43203.79,,-0.06
KSE100,2022-03-24,43203.79,43569.67,42936.06,43522.55,,0.74
KSE100,2022-03-25,43522.55,43686.35,43375.51,43551.14,,0.07
KSE100,2022-03-28,43551.15,43933.56,43291.01,43933.56,,0.88
KSE100,2022-03-29,43933.56,44478.58,43933.56,44438.70,,1.15
KSE100,2022-03-30,44438.70,44444.98,43975.67,44337.56,,-0.23
KSE100,2022-03-31,44337.56,44928.83,44337.56,44928.83,,1.33
KSE100,2022-04-01,44928.83,45396.14,44654.95,45152.11,,0.50
KSE100,2022-04-04,45152.11,45152.11,43824.08,43902.04,,-2.77
KSE100,2022-04-05,43902.04,44289.83,43784.03,43928.08,,0.06
KSE100,2022-04-06,43928.08,44377.92,43928.08,44111.10,,0.42
KSE100,2022-04-07,44111.10,44349.59,43751.75,43786.83,,-0.74
KSE100,2022-04-08,43786.83,44501.55,43786.83,44444.58,,1.50
KSE100,2022-04-11,44444.58,46215.54,44444.58,46144.96,,3.83
KSE100,2022-04-12,46144.96,46459.26,45896.46,46407.26,,0.57
KSE100,2022-04-13,46407.26,46643.05,46062.27,46165.50,,-0.52
KSE100,2022-04-14,46165.50,46510.11,46054.36,46484.43,,0.69
KSE100,2022-04-15,46484.43,46785.59,46484.43,46601.54,,0.25
KSE100,2022-04-18,46776.58,46969.46,46428.95,46539.59,,-0.13
KSE100,2022-04-19,46539.59,46746.24,46275.64,46333.36,,-0.44
KSE100,2022-04-20,46333.36,46586.06,45891.14,45943.16,,-0.84
KSE100,2022-04-21,45943.16,46067.18,45599.96,45652.62,,-0.63
KSE100,2022-04-22,45652.62,45774.85,45505.07,45553.02,,-0.22
KSE100,2022-04-25,45553.02,46203.59,45553.02,46073.25,,1.14
KSE100,2022-04-26,46073.25,46184.55,45782.89,45817.67,,-0.55
KSE100,2022-04-27,45817.68,45958.37,45482.50,45533.30,,-0.62
KSE100,2022-04-28,45533.30,45533.30,44656.96,45249.41,,-0.62
KSE100,2022-05-06,45249.41,45249.41,44784.42,44840.81,,-0.90
KSE100,2022-05-09,44840.81,44841.41,43233.21,43393.14,,-3.23
KSE100,2022-05-10,43393.14,43647.55,43262.69,43504.36,,0.26
KSE100,2022-05-11,43504.36,43649.59,42394.32,42863.15,,-1.47
KSE100,2022-05-12,42863.15,43032.50,42273.27,42898.44,,0.08
KSE100,2022-05-13,42898.44,43505.75,42853.80,43486.46,,1.37
KSE100,2022-05-16,43486.46,43486.46,42375.39,42667.32,,-1.88
KSE100,2022-05-17,42667.32,42883.86,42607.15,42726.06,,0.14
KSE100,2022-05-18,42726.06,43161.43,42509.55,43026.88,,0.70
KSE100,2022-05-19,43026.88,43256.32,42938.75,42983.45,,-0.10
KSE100,2022-05-20,42983.45,43185.80,42938.60,43100.70,,0.27
KSE100,2022-05-23,43100.71,43100.71,42345.08,42440.25,,-1.53
KSE100,2022-05-24,42440.25,42637.54,41915.98,41950.32,,-1.15
KSE100,2022-05-25,41950.32,42128.41,41356.02,42012.66,,0.15
KSE100,2022-05-26,42012.66,42607.43,41904.46,42541.71,,1.26
KSE100,2022-05-27,42541.71,43554.75,42541.71,42861.45,,0.75
KSE100,2022-05-30,42861.45,43257.78,42861.45,43040.14,,0.42
KSE100,2022-05-31,43040.14,43339.22,43018.40,43078.14,,0.09
KSE100,2022-06-01,43078.14,43148.77,42723.51,42756.04,,-0.75
KSE100,2022-06-02,42756.04,42822.77,42132.98,42237.91,,-1.21
KSE100,2022-06-03,42237.91,42237.91,41229.43,41314.88,,-2.19
KSE100,2022-06-06,41314.88,41674.10,41031.91,41577.21,,0.63
KSE100,2022-06-07,41577.21,41854.25,41524.07,41568.41,,-0.02
KSE100,2022-06-08,41568.41,41620.35,41391.53,41553.16,,-0.04
KSE100,2022-06-09,41553.16,41994.62,41553.16,41735.96,,0.44
KSE100,2022-06-10,41735.96,42076.14,41715.05,42014.73,,0.67
KSE100,2022-06-13,42014.73,42069.65,40834.97,40879.93,,-2.70
KSE100,2022-06-14,40879.93,41115.72,40657.88,41054.68,,0.43
KSE100,2022-06-15,41054.68,41534.99,41054.68,41438.79,,0.94
KSE100,2022-06-16,41438.79,41764.19,41322.89,41730.16,,0.70
KSE100,2022-06-17,41730.16,42420.64,41730.16,42140.76,,0.98
KSE100,2022-06-20,42140.76,42357.92,41740.12,41776.98,,-0.86
KSE100,2022-06-21,41776.98,42564.79,41745.27,42525.95,,1.79
KSE100,2022-06-22,42525.95,42880.17,42408.17,42458.14,,-0.16
KSE100,2022-06-23,42458.14,42983.41,42458.14,42716.97,,0.61
KSE100,2022-06-24,42716.97,42782.34,40555.41,41051.79,,-3.90
KSE100,2022-06-27,41051.79,41949.93,41051.79,41878.57,,2.01
KSE100,2022-06-28,41878.57,42149.29,41614.60,41765.62,,-0.27
KSE100,2022-06-29,41765.62,41813.62,41119.19,41297.73,,-1.12
KSE100,2022-06-30,41297.73,41559.31,41220.49,41540.83,,0.59
KSE100,2022-07-01,41540.83,41744.86,41538.49,41630.35,,0.22
KSE100,2022-07-04,41630.35,41685.69,41323.42,41348.19,,-0.68
KSE100,2022-07-05,41348.19,41458.08,41068.60,41102.57,,-0.59
KSE100,2022-07-06,41102.57,41334.90,41102.57,41159.79,,0.14
KSE100,2022-07-07,41159.79,41396.57,41009.64,41344.01,,0.45
KSE100,2022-07-13,41344.01,41971.83,41223.97,41862.77,,1.25
KSE100,2022-07-14,41862.77,42362.91,41862.77,42348.91,,1.16
KSE100,2022-07-15,42348.91,42499.48,42027.37,42074.91,,-0.65
KSE100,2022-07-18,42074.91,42074.91,41275.08,41367.11,,-1.68
KSE100,2022-07-19,41367.11,41551.53,40216.38,40389.07,,-2.36
KSE100,2022-07-20,40389.07,40533.60,40135.38,40459.70,,0.17
KSE100,2022-07-21,40459.70,40577.06,39801.21,39831.75,,-1.55
KSE100,2022-07-22,39831.75,40180.78,39541.09,40077.30,,0.62
KSE100,2022-07-25,40077.30,40077.30,39720.80,39844.02,,-0.58
KSE100,2022-07-26,39844.02,40135.44,39712.94,39894.05,,0.13
KSE100,2022-07-27,39894.05,40097.19,39605.10,39972.64,,0.20
KSE100,2022-07-28,39972.64,40623.60,39972.64,40276.64,,0.76
KSE100,2022-07-29,40276.64,40420.57,40026.86,40150.36,,-0.31
KSE100,2022-08-01,40150.36,40380.64,40070.67,40075.96,,-0.19
KSE100,2022-08-02,40075.96,40458.09,39762.50,40191.61,,0.29
KSE100,2022-08-03,40191.61,41208.09,40191.61,41068.87,,2.18
KSE100,2022-08-04,41068.87,41609.90,41068.87,41425.37,,0.87
KSE100,2022-08-05,41425.37,42168.08,41425.37,42096.24,,1.62
KSE100,2022-08-10,42096.24,42776.47,42096.24,42494.85,,0.95
KSE100,2022-08-11,42494.85,42678.94,42215.73,42243.33,,-0.59
KSE100,2022-08-12,42243.33,42874.22,42243.33,42857.57,,1.45
KSE100,2022-08-15,42857.57,43659.04,42857.57,43621.82,,1.78
KSE100,2022-08-16,43621.82,43887.62,43379.79,43436.48,,-0.42
KSE100,2022-08-17,43436.48,43736.43,43389.48,43676.56,,0.55
KSE100,2022-08-18,43676.56,43879.23,43390.33,43481.50,,-0.45
KSE100,2022-08-19,43481.50,43531.65,43232.95,43270.65,,-0.48
KSE100,2022-08-22,43270.65,43314.19,42787.86,42826.66,,-1.03
KSE100,2022-08-23,42826.66,43419.59,42826.66,43366.78,,1.26
KSE100,2022-08-24,43366.77,43684.11,43299.48,43337.97,,-0.07
KSE100,2022-08-25,43337.97,43457.55,42961.10,43032.57,,-0.70
KSE100,2022-08-26,43032.57,43201.21,42547.72,42591.51,,-1.02
KSE100,2022-08-29,42591.51,42591.51,41828.13,42504.34,,-0.20
KSE100,2022-08-30,42504.34,43052.27,42106.02,42195.25,,-0.73
KSE100,2022-08-31,42195.26,42472.14,42079.05,42351.15,,0.37
KSE100,2022-09-01,42351.15,42667.53,42351.15,42460.08,,0.26
KSE100,2022-09-02,42460.08,42568.66,42238.22,42309.11,,-0.36
KSE100,2022-09-05,42309.11,42388.34,41859.10,41859.30,,-1.06
KSE100,2022-09-06,41859.30,41927.05,41684.01,41860.36,,0.00
KSE100,2022-09-07,41860.36,42064.94,41703.95,41766.05,,-0.23
KSE100,2022-09-08,41766.05,41936.93,41676.94,41824.79,,0.14
KSE100,2022-09-09,41824.79,42099.54,41815.49,41948.16,,0.29
KSE100,2022-09-12,41948.16,42137.80,41812.93,41862.29,,-0.20
KSE100,2022-09-13,41862.29,42092.72,41862.29,42001.34,,0.33
KSE100,2022-09-14,42001.34,42084.45,41912.84,41937.62,,-0.15
KSE100,2022-09-15,42011.82,42311.63,41724.81,41772.09,,-0.39
KSE100,2022-09-16,41772.09,41916.86,41603.48,41679.49,,-0.22
KSE100,2022-09-19,41679.49,41896.62,41504.64,41520.59,,-0.38
KSE100,2022-09-20,41520.59,41642.02,41078.71,41220.91,,-0.72
KSE100,2022-09-21,41220.91,41357.75,40871.82,40965.58,,-0.62
KSE100,2022-09-22,40965.58,40986.95,40417.92,40927.95,,-0.09
KSE100,2022-09-23,40927.95,41128.83,40514.33,40620.21,,-0.75
KSE100,2022-09-26,40620.21,41196.63,40620.21,41151.54,,1.31
KSE100,2022-09-27,41151.54,41589.89,41151.54,41518.23,,0.89
KSE100,2022-09-28,41518.23,41820.95,41391.18,41435.13,,-0.20
KSE100,2022-09-29,41435.13,41435.13,40910.82,41013.86,,-1.02
KSE100,2022-09-30,41013.86,41134.99,40753.94,41128.67,,0.28
KSE100,2022-10-03,41128.67,41403.73,41090.52,41211.70,,0.20
KSE100,2022-10-04,41211.70,41587.73,41211.70,41350.43,,0.34
KSE100,2022-10-05,41350.43,41668.46,41350.43,41611.42,,0.63
KSE100,2022-10-06,41611.42,42201.55,41611.42,42160.57,,1.32
KSE100,2022-10-07,42160.57,42389.20,41992.11,42085.25,,-0.18
KSE100,2022-10-10,42085.25,42441.29,42071.67,42211.64,,0.30
KSE100,2022-10-11,42211.64,42410.83,42053.81,42155.48,,-0.13
KSE100,2022-10-12,42155.48,42195.36,41950.98,42007.14,,-0.35
KSE100,2022-10-13,42007.14,42121.40,41900.85,42085.72,,0.19
KSE100,2022-10-14,42085.72,42237.29,41897.05,41948.50,,-0.33
KSE100,2022-10-17,41948.50,41988.50,41725.96,41755.45,,-0.46
KSE100,2022-10-18,41755.45,42007.23,41755.45,41839.26,,0.20
KSE100,2022-10-19,41839.27,42265.22,41839.27,42226.05,,0.92
KSE100,2022-10-20,42226.05,42422.22,42097.31,42137.04,,-0.21
KSE100,2022-10-21,42137.04,42245.51,41793.64,42213.48,,0.18
KSE100,2022-10-24,42213.48,42672.34,42213.48,42347.23,,0.32
KSE100,2022-10-25,42347.23,42523.51,42156.68,42190.02,,-0.37
KSE100,2022-10-26,42190.02,42190.02,41490.13,41540.03,,-1.54
KSE100,2022-10-27,41540.03,41711.66,41318.66,41602.85,,0.15
KSE100,2022-10-28,41602.86,41641.51,41115.21,41140.33,,-1.11
KSE100,2022-10-31,41140.34,41375.40,41140.34,41264.66,,0.30
KSE100,2022-11-01,41264.66,41833.43,41264.66,41808.69,,1.32
KSE100,2022-11-02,41808.69,42004.90,41727.15,41944.59,,0.33
KSE100,2022-11-03,41944.59,42173.46,41887.51,42090.71,,0.35
KSE100,2022-11-04,42090.71,42090.71,41720.90,41856.31,,-0.56
KSE100,2022-11-07,41856.31,42207.42,41856.31,42047.36,,0.46
KSE100,2022-11-08,42047.36,42313.64,42047.36,42265.36,,0.52
KSE100,2022-11-10,42265.36,42959.28,42265.36,42901.27,,1.50
KSE100,2022-11-11,42901.27,43120.83,42805.88,43092.95,,0.45
KSE100,2022-11-14,43092.95,43092.95,42761.88,42850.83,,-0.56
KSE100,2022-11-15,42850.83,43035.78,42748.71,42796.85,,-0.13
KSE100,2022-11-16,42796.85,43097.57,42728.67,42983.75,,0.44
KSE100,2022-11-17,42983.75,43099.75,42769.37,42819.72,,-0.38
KSE100,2022-11-18,42819.72,42819.72,42600.99,42730.24,,-0.21
KSE100,2022-11-21,42730.24,42853.94,42664.53,42761.19,,0.07
KSE100,2022-11-22,42761.19,43076.45,42761.19,42928.62,,0.39
KSE100,2022-11-23,42928.62,43040.58,42790.25,42880.31,,-0.11
KSE100,2022-11-24,42880.31,43014.60,42865.38,42903.65,,0.05
KSE100,2022-11-25,42903.65,43120.54,42876.24,42936.73,,0.08
KSE100,2022-11-28,42936.73,42936.73,41963.94,42071.34,,-2.02
KSE100,2022-11-29,42071.34,42438.08,42042.48,42373.59,,0.72
KSE100,2022-11-30,42373.59,42515.63,42274.16,42348.63,,-0.06
KSE100,2022-12-01,42348.63,42658.39,42348.63,42393.52,,0.11
KSE100,2022-12-02,42393.52,42471.19,41946.49,42150.10,,-0.57
KSE100,2022-12-05,42150.10,42248.53,41514.81,41612.67,,-1.28
KSE100,2022-12-06,41612.67,41743.92,41296.54,41539.94,,-0.17
KSE100,2022-12-07,41539.94,41900.81,41539.94,41819.29,,0.67
KSE100,2022-12-08,41819.29,41927.37,41598.94,41651.61,,-0.40
KSE100,2022-12-09,41651.61,41747.57,41550.70,41698.28,,0.11
KSE100,2022-12-12,41698.28,41784.48,41511.20,41540.55,,-0.38
KSE100,2022-12-13,41540.55,41770.57,41512.43,41714.30,,0.42
KSE100,2022-12-14,41714.30,41873.91,41542.32,41737.62,,0.06
KSE100,2022-12-15,41737.62,41996.82,41109.95,41179.76,,-1.34
KSE100,2022-12-16,41179.76,41393.97,41087.59,41301.48,,0.30
KSE100,2022-12-19,41301.48,41393.37,40814.95,40970.82,,-0.80
KSE100,2022-12-20,40970.82,41037.14,39533.29,39832.45,,-2.78
KSE100,2022-12-21,39832.45,40022.37,39276.70,39342.89,,-1.23
KSE100,2022-12-22,39342.89,39926.34,39330.02,39838.33,,1.26
KSE100,2022-12-23,39838.33,39938.32,39497.73,39669.20,,-0.42
KSE100,2022-12-26,39669.20,40367.43,39669.20,40155.16,,1.23
KSE100,2022-12-27,40155.16,40315.77,39705.66,39802.91,,-0.88
KSE100,2022-12-28,39802.91,39866.99,39027.51,39279.43,,-1.32
KSE100,2022-12-29,39279.43,39747.35,39205.17,39747.35,,1.19
KSE100,2022-12-30,39747.35,40420.45,39694.12,40420.45,,1.69
KSE100,2023-01-02,40420.45,41027.51,40348.89,40815.90,,0.98
KSE100,2023-01-03,40815.90,41015.92,40595.58,40630.64,,-0.45
KSE100,2023-01-04,40630.64,40896.18,40497.98,40539.30,,-0.22
KSE100,2023-01-05,40539.30,40790.74,40539.30,40716.74,,0.44
KSE100,2023-01-06,40716.74,41097.89,40684.49,41007.52,,0.71
KSE100,2023-01-09,41007.52,41074.73,40436.82,40504.76,,-1.23
KSE100,2023-01-10,40504.76,40986.44,40504.76,40801.50,,0.73
KSE100,2023-01-11,40801.51,40984.67,40597.35,40758.20,,-0.11
KSE100,2023-01-12,40758.20,41219.67,40671.34,40803.89,,0.11
KSE100,2023-01-13,40803.89,40803.89,40195.67,40323.45,,-1.18
KSE100,2023-01-16,40323.45,40354.72,39660.75,39720.75,,-1.49
KSE100,2023-01-17,39720.75,39942.28,38287.81,38342.21,,-3.47
KSE100,2023-01-18,38342.21,38945.97,38257.56,38791.09,,1.17
KSE100,2023-01-19,38791.09,39064.90,38730.30,38831.58,,0.10
KSE100,2023-01-20,38831.58,38982.16,38291.70,38407.98,,-1.09
KSE100,2023-01-23,38407.98,38553.12,38135.53,38443.59,,0.09
KSE100,2023-01-24,38443.59,39091.70,38443.59,39055.65,,1.59
KSE100,2023-01-25,39055.65,39945.62,39055.65,39784.90,,1.87
KSE100,2023-01-26,39784.90,40994.69,39784.90,40846.53,,2.67
KSE100,2023-01-27,40846.53,41095.56,40402.72,40450.53,,-0.97
KSE100,2023-01-30,40450.53,40666.96,39844.39,39871.27,,-1.43
KSE100,2023-01-31,39871.27,40717.26,39871.27,40673.06,,2.01
KSE100,2023-02-01,40673.06,40985.46,40611.15,40619.94,,-0.13
KSE100,2023-02-02,40619.95,40826.67,40444.91,40733.51,,0.28
KSE100,2023-02-03,40733.51,40872.87,40329.75,40471.16,,-0.64
KSE100,2023-02-06,40471.16,41302.29,40471.16,41190.77,,1.78
KSE100,2023-02-07,41190.77,41763.95,41190.77,41522.76,,0.81
KSE100,2023-02-08,41522.76,41846.85,41404.62,41723.32,,0.48
KSE100,2023-02-09,41723.32,42567.75,41723.32,42466.59,,1.78
KSE100,2023-02-10,42466.59,42544.47,41663.22,41741.78,,-1.71
KSE100,2023-02-13,41741.78,41991.16,41644.31,41716.95,,-0.06
KSE100,2023-02-14,41716.95,41848.76,41047.03,41150.16,,-1.36
KSE100,2023-02-15,41150.16,41457.76,40918.85,41326.85,,0.43
KSE100,2023-02-16,41326.86,41619.20,41024.78,41078.65,,-0.60
KSE100,2023-02-17,41078.65,41214.07,40964.98,41118.61,,0.10
KSE100,2023-02-20,41118.61,41162.89,40623.97,40673.64,,-1.08
KSE100,2023-02-21,40673.64,40966.71,40673.64,40949.84,,0.68
KSE100,2023-02-22,40949.84,41212.95,40923.03,41167.60,,0.53
KSE100,2023-02-23,41167.60,41168.22,40772.52,40838.51,,-0.80
KSE100,2023-02-24,40838.51,40978.46,40682.46,40707.76,,-0.32
KSE100,2023-02-27,40707.76,40820.09,40616.60,40784.13,,0.19
KSE100,2023-02-28,40784.13,40810.04,40436.36,40510.37,,-0.67
KSE100,2023-03-01,40510.37,40539.87,40029.72,40412.77,,-0.24
KSE100,2023-03-02,40412.77,40852.97,40353.46,40670.88,,0.64
KSE100,2023-03-03,40670.88,41359.11,40487.28,41337.00,,1.64
KSE100,2023-03-06,41337.00,41797.71,41337.00,41434.33,,0.24
KSE100,2023-03-07,41434.33,41530.19,41334.69,41334.69,,-0.24
KSE100,2023-03-08,41334.69,41618.66,41334.69,41358.93,,0.06
KSE100,2023-03-09,41358.93,41648.08,41358.93,41585.54,,0.55
KSE100,2023-03-10,41585.54,41902.02,41585.54,41793.87,,0.50
KSE100,2023-03-13,41793.87,42291.77,41787.35,41856.85,,0.15
KSE100,2023-03-14,41856.85,41953.78,41705.82,41816.43,,-0.10
KSE100,2023-03-15,41816.43,42010.06,41607.05,41874.04,,0.14
KSE100,2023-03-16,41874.04,42119.03,41639.50,41694.09,,-0.43
KSE100,2023-03-17,41694.09,41808.88,41270.81,41329.95,,-0.87
KSE100,2023-03-20,41329.95,41398.03,40909.24,40918.45,,-1.00
KSE100,2023-03-21,40918.45,40990.12,40696.74,40877.98,,-0.10
KSE100,2023-03-22,40877.98,40996.72,40352.71,40376.10,,-1.23
KSE100,2023-03-24,40376.10,40440.70,39922.89,39942.05,,-1.08
KSE100,2023-03-27,39942.05,40066.73,39845.06,40000.37,,0.15
KSE100,2023-03-28,40000.37,40203.77,40000.37,40082.37,,0.20
KSE100,2023-03-29,40082.37,40186.11,39866.25,39879.89,,-0.51
KSE100,2023-03-30,39879.89,40005.07,39796.69,39848.35,,-0.08
KSE100,2023-03-31,39848.35,40000.83,39729.44,40000.83,,0.38
KSE100,2023-04-03,40000.83,40077.77,39860.62,39889.90,,-0.28
KSE100,2023-04-04,39889.90,39920.35,39482.17,39687.26,,-0.51
KSE100,2023-04-05,39687.26,39910.05,39664.98,39717.15,,0.08
KSE100,2023-04-06,39717.15,40374.33,39717.15,40350.89,,1.60
KSE100,2023-04-07,40350.89,40549.86,40005.04,40049.65,,-0.75
KSE100,2023-04-10,40049.65,40183.81,39815.86,39835.90,,-0.53
KSE100,2023-04-11,39835.90,39919.99,39723.01,39804.71,,-0.08
KSE100,2023-04-12,39804.71,40172.76,39803.95,40126.05,,0.81
KSE100,2023-04-13,40126.05,40418.60,40126.05,40205.54,,0.20
KSE100,2023-04-17,40205.54,40372.80,40182.37,40246.66,,0.10
KSE100,2023-04-18,40246.67,40484.29,40221.08,40448.05,,0.50
KSE100,2023-04-19,40448.05,40532.76,40289.95,40499.34,,0.13
KSE100,2023-04-20,40499.34,41086.67,40499.34,41007.82,,1.26
KSE100,2023-04-26,41007.82,41363.89,41007.82,41099.58,,0.22
KSE100,2023-04-27,41099.58,41518.74,41081.07,41463.91,,0.89
KSE100,2023-04-28,41463.91,41790.68,41463.91,41580.85,,0.28
KSE100,2023-05-02,41580.85,41990.15,41580.85,41927.64,,0.83
KSE100,2023-05-03,41927.64,42171.68,41915.81,42087.93,,0.38
KSE100,2023-05-04,42087.93,42336.44,42055.90,42093.80,,0.01
KSE100,2023-05-05,42093.80,42323.29,41962.90,42241.98,,0.35
KSE100,2023-05-08,42241.98,42389.22,41767.45,41829.49,,-0.98
KSE100,2023-05-09,41829.49,41830.35,41277.73,41373.81,,-1.09
KSE100,2023-05-10,41373.81,41407.09,41041.32,41074.95,,-0.72
KSE100,2023-05-11,41074.95,41498.77,41074.95,41325.63,,0.61
KSE100,2023-05-12,41325.63,41649.15,41299.39,41487.58,,0.39
KSE100,2023-05-15,41498.01,41716.26,41310.19,41716.26,,0.55
KSE100,2023-05-16,41827.94,42081.58,41817.01,41980.13,,0.63
KSE100,2023-05-17,42083.63,42110.03,41818.34,41835.57,,-0.34
KSE100,2023-05-18,41878.59,41964.27,41411.64,41472.20,,-0.87
KSE100,2023-05-19,41462.64,41628.79,41354.33,41614.87,,0.34
KSE100,2023-05-22,41600.63,41690.28,41155.48,41203.50,,-0.99
KSE100,2023-05-23,41224.39,41295.65,41098.70,41116.63,,-0.21
KSE100,2023-05-24,41128.92,41342.23,41064.40,41098.48,,-0.04
KSE100,2023-05-25,41165.06,41219.03,40956.88,41070.30,,-0.07
KSE100,2023-05-26,41055.62,41148.56,40783.80,41002.60,,-0.16
KSE100,2023-05-29,41005.15,41649.14,41005.15,41350.25,,0.85
KSE100,2023-05-30,41362.07,41693.47,41362.07,41665.85,,0.76
KSE100,2023-05-31,41726.69,41852.24,41265.04,41337.82,,-0.79
KSE100,2023-06-01,41388.20,41481.54,41226.95,41273.72,,-0.16
KSE100,2023-06-02,41258.43,41403.44,41237.41,41356.24,,0.20
KSE100,2023-06-05,41390.47,41681.68,41375.58,41638.53,,0.68
KSE100,2023-06-06,41752.64,42026.94,41751.21,41912.88,,0.66
KSE100,2023-06-07,41975.36,42231.63,41924.49,42119.22,,0.49
KSE100,2023-06-08,42223.62,42307.12,41648.84,41668.07,,-1.07
KSE100,2023-06-09,41735.08,41931.83,41677.14,41904.86,,0.57
KSE100,2023-06-12,41915.66,42029.14,41715.31,41772.33,,-0.32
KSE100,2023-06-13,41887.60,42025.54,41522.64,41536.16,,-0.57
KSE100,2023-06-14,41594.97,41744.44,41448.61,41536.87,,0.00
KSE100,2023-06-15,41631.57,41639.34,41269.13,41404.50,,-0.32
KSE100,2023-06-16,41467.91,41612.67,41280.16,41335.53,,-0.17
KSE100,2023-06-19,41411.76,41484.33,40610.28,40650.45,,-1.66
KSE100,2023-06-20,40638.86,40739.98,40507.18,40647.48,,-0.01
KSE100,2023-06-21,40693.22,40804.88,40191.25,40229.76,,-1.03
KSE100,2023-06-22,40231.16,40378.60,40091.38,40181.84,,-0.12
KSE100,2023-06-23,40175.95,40235.58,39894.43,40090.36,,-0.23
KSE100,2023-06-26,40334.05,41491.88,40334.05,41386.57,,3.23
KSE100,2023-06-27,41431.86,41606.25,41208.20,41452.68,,0.16
KSE100,2023-07-03,43683.78,43933.95,43404.70,43903.29,,5.91
KSE100,2023-07-04,44511.52,44511.52,43488.38,43502.89,,-0.91
KSE100,2023-07-05,43536.60,44041.26,43464.06,43553.81,,0.12
KSE100,2023-07-06,43691.55,44212.77,43550.14,44211.72,,1.51
KSE100,2023-07-07,44179.14,44293.51,44086.74,44284.92,,0.17
KSE100,2023-07-10,44275.02,44601.78,44260.11,44561.82,,0.63
KSE100,2023-07-11,44691.46,45250.49,44691.46,45179.23,,1.39
KSE100,2023-07-12,45297.24,45582.31,45200.35,45581.13,,0.89
KSE100,2023-07-13,45808.98,45971.00,45255.58,45296.52,,-0.62
KSE100,2023-07-14,45289.44,45488.45,45043.17,45071.94,,-0.50
KSE100,2023-07-17,45114.91,45283.31,45013.98,45047.35,,-0.05
KSE100,2023-07-18,45157.50,45240.21,44848.39,45019.59,,-0.06
KSE100,2023-07-19,45101.57,45227.49,44928.03,45086.33,,0.15
KSE100,2023-07-20,45079.61,45451.65,45067.96,45426.58,,0.75
KSE100,2023-07-21,45392.37,46122.16,45391.55,45888.26,,1.02
KSE100,2023-07-24,46070.67,46195.71,45872.67,46065.55,,0.39
KSE100,2023-07-25,46063.60,46540.88,46019.63,46399.22,,0.72
KSE100,2023-07-26,46531.52,46724.58,46499.37,46724.58,,0.70
KSE100,2023-07-27,46779.75,47393.47,46779.75,47139.06,,0.89
KSE100,2023-07-31,47372.54,48126.50,47372.54,48034.59,,1.90
KSE100,2023-08-01,48326.51,48441.84,47998.27,48230.50,,0.41
KSE100,2023-08-02,48277.82,48852.05,48178.89,48764.55,,1.11
KSE100,2023-08-03,48993.33,49404.50,48541.35,48611.18,,-0.31
KSE100,2023-08-04,48584.59,48840.27,48427.99,48585.71,,-0.05
KSE100,2023-08-07,48716.46,49034.92,48276.54,48386.25,,-0.41
KSE100,2023-08-08,48359.55,48415.46,47335.32,47429.82,,-1.98
KSE100,2023-08-09,47322.66,48334.54,47262.38,48227.60,,1.68
KSE100,2023-08-10,48503.90,48622.91,47626.75,47808.34,,-0.87
KSE100,2023-08-11,47968.51,48898.82,47968.51,48424.40,,1.29
KSE100,2023-08-15,48478.19,48794.13,48293.03,48565.75,,0.29
KSE100,2023-08-16,48575.05,48614.47,48108.88,48146.43,,-0.86
KSE100,2023-08-17,47961.18,48397.38,47893.71,48325.84,,0.37
KSE100,2023-08-18,48406.43,48615.14,48196.19,48218.49,,-0.22
KSE100,2023-08-21,48141.31,48234.26,47432.72,47447.95,,-1.60
KSE100,2023-08-22,47451.64,47675.22,47359.18,47417.90,,-0.06
KSE100,2023-08-23,47503.35,47588.24,47007.66,47418.63,,0.00
KSE100,2023-08-24,47463.68,47994.19,47463.68,47750.76,,0.70
KSE100,2023-08-25,47818.32,47853.55,47570.31,47671.21,,-0.17
KSE100,2023-08-28,47732.79,47733.51,47399.28,47478.61,,-0.40
KSE100,2023-08-29,47322.44,47372.09,46598.24,46770.41,,-1.49
KSE100,2023-08-30,46771.14,46857.88,46101.34,46244.55,,-1.12
KSE100,2023-08-31,46286.73,46358.02,44459.63,45002.41,,-2.69
KSE100,2023-09-01,45005.74,45358.29,44795.82,45312.65,,0.69
KSE100,2023-09-04,45461.58,45788.74,45448.02,45707.42,,0.87
KSE100,2023-09-05,45825.12,45950.68,45417.00,45491.48,,-0.47
KSE100,2023-09-06,45515.03,45854.19,45460.28,45807.57,,0.69
KSE100,2023-09-07,45854.24,46035.81,45703.53,45757.23,,-0.11
KSE100,2023-09-08,45812.70,46077.39,45728.89,46013.48,,0.56
KSE100,2023-09-11,46071.19,46174.69,45678.15,45865.73,,-0.32
KSE100,2023-09-12,45902.72,45902.72,45468.27,45508.39,,-0.78
KSE100,2023-09-13,45507.73,45732.73,45500.22,45590.92,,0.18
KSE100,2023-09-14,45581.72,45776.97,45581.49,45650.05,,0.13
KSE100,2023-09-15,45986.58,46093.01,45700.65,45753.51,,0.23
KSE100,2023-09-18,45824.42,45907.08,45662.70,45837.42,,0.18
KSE100,2023-09-19,45850.20,46036.04,45850.20,45914.18,,0.17
KSE100,2023-09-20,45947.39,46035.09,45808.11,45932.52,,0.04
KSE100,2023-09-21,45917.50,46309.80,45733.44,46304.73,,0.81
KSE100,2023-09-22,46322.34,46500.45,46182.00,46436.41,,0.28
KSE100,2023-09-25,46486.05,46590.26,46305.88,46394.32,,-0.09
KSE100,2023-09-26,46399.88,46503.82,46258.96,46308.54,,-0.18
KSE100,2023-09-27,46291.28,46448.34,46238.12,46408.02,,0.21
KSE100,2023-09-28,46464.29,46469.60,46177.50,46232.59,,-0.38
KSE100,2023-10-02,46294.62,46704.64,46294.62,46627.08,,0.85
KSE100,2023-10-03,46685.93,46820.72,46670.79,46756.80,,0.28
KSE100,2023-10-04,46760.83,47199.50,46748.79,47079.83,,0.69
KSE100,2023-10-05,47152.98,47484.56,47152.98,47484.56,,0.86
KSE100,2023-10-06,47545.30,47619.26,47402.58,47508.67,,0.05
KSE100,2023-10-09,47376.59,47775.73,47217.74,47736.61,,0.48
KSE100,2023-10-10,47752.69,48166.36,47708.11,48143.50,,0.85
KSE100,2023-10-11,48210.60,48516.64,48208.30,48501.80,,0.74
KSE100,2023-10-12,48520.71,48830.26,48359.38,48771.71,,0.56
KSE100,2023-10-13,48821.58,49520.38,48767.59,49493.47,,1.48
KSE100,2023-10-16,49705.41,49919.03,49317.59,49719.87,,0.46
KSE100,2023-10-17,49792.49,50017.45,49508.42,49527.88,,-0.39
KSE100,2023-10-18,49496.19,49740.98,49383.72,49406.19,,-0.25
KSE100,2023-10-19,49487.16,50399.92,49436.92,50323.97,,1.86
KSE100,2023-10-20,50417.99,50952.67,50332.76,50674.52,,0.70
KSE100,2023-10-23,50924.38,51419.87,50924.38,51072.73,,0.79
KSE100,2023-10-24,51121.92,51121.92,50624.38,51068.15,,-0.01
KSE100,2023-10-25,51023.31,51483.85,51023.31,51125.32,,0.11
KSE100,2023-10-26,51341.92,51520.68,51140.64,51158.40,,0.06
KSE100,2023-10-27,51219.11,51269.74,50834.72,50958.45,,-0.39
KSE100,2023-10-30,50971.84,51501.82,50971.84,51482.93,,1.03
KSE100,2023-10-31,51633.00,52088.71,51508.58,51976.31,,0.96
KSE100,2023-11-01,52075.16,52451.21,52075.16,52357.05,,0.73
KSE100,2023-11-02,52421.09,52706.01,52239.59,52701.43,,0.66
KSE100,2023-11-03,52916.99,53263.07,52782.21,53175.72,,0.90
KSE100,2023-11-06,53286.64,53944.89,53166.86,53941.04,,1.44
KSE100,2023-11-07,53977.16,54312.90,53711.47,53810.82,,-0.24
KSE100,2023-11-08,53720.46,54419.65,53720.46,54307.37,,0.92
KSE100,2023-11-10,54371.75,55506.33,54371.75,55399.66,,2.01
KSE100,2023-11-13,55644.68,56583.59,55644.68,56526.71,,2.03
KSE100,2023-11-14,56732.99,56873.99,56118.18,56644.58,,0.21
KSE100,2023-11-15,56793.35,56846.68,56433.05,56765.28,,0.21
KSE100,2023-11-16,56838.66,57549.27,56531.54,57344.16,,1.02
KSE100,2023-11-17,57503.68,57750.93,56977.02,57016.96,,-0.57
KSE100,2023-11-20,57099.82,57309.27,56738.40,57065.99,,0.09
KSE100,2023-11-21,57176.46,57691.22,57176.46,57408.18,,0.60
KSE100,2023-11-22,57418.50,58405.92,57418.50,58178.27,,1.34
KSE100,2023-11-23,58246.21,58920.41,58246.21,58910.80,,1.26
KSE100,2023-11-24,59059.56,59502.28,58990.21,59173.34,,0.45
KSE100,2023-11-27,59298.90,59896.08,58999.31,59774.06,,1.02
KSE100,2023-11-28,60023.86,60845.61,60023.86,60845.53,,1.79
KSE100,2023-11-29,60916.67,61555.84,60328.18,60498.96,,-0.57
KSE100,2023-11-30,60787.90,60981.68,60428.14,60526.77,,0.05
KSE100,2023-12-01,60667.83,61779.73,60576.42,61691.25,,1.92
KSE100,2023-12-04,62061.57,62912.61,62061.57,62575.35,,1.43
KSE100,2023-12-05,62653.40,63036.51,62215.19,63028.13,,0.72
KSE100,2023-12-06,63205.42,64038.83,63188.72,63778.75,,1.19
KSE100,2023-12-07,64159.02,64958.10,63853.05,64718.08,,1.47
KSE100,2023-12-08,65055.17,66273.73,65055.17,66223.63,,2.33
KSE100,2023-12-11,66162.29,66564.04,65129.00,66012.33,,-0.32
KSE100,2023-12-12,66121.14,66604.04,66121.14,66426.78,,0.63
KSE100,2023-12-13,66764.30,67093.96,64427.39,65280.16,,-1.73
KSE100,2023-12-14,65323.06,65622.56,64437.70,65450.19,,0.26
KSE100,2023-12-15,65774.74,66346.77,65559.49,66130.02,,1.04
KSE100,2023-12-18,66525.70,66586.62,65064.94,65204.68,,-1.40
KSE100,2023-12-19,65124.30,65132.03,62360.78,62833.03,,-3.64
KSE100,2023-12-20,62862.54,63261.05,61082.50,62448.01,,-0.61
KSE100,2023-12-21,62742.26,62850.10,61750.97,62693.57,,0.39
KSE100,2023-12-22,62838.18,62995.22,61569.14,61705.09,,-1.58
KSE100,2023-12-26,61606.46,61634.55,59026.81,59170.98,,-4.11
KSE100,2023-12-27,59097.62,61009.88,58758.48,60863.62,,2.86
KSE100,2023-12-28,61130.13,62750.78,61092.27,62052.24,,1.95
KSE100,2023-12-29,62225.33,62644.38,61807.54,62451.04,,0.64
KSE100,2024-01-01,62696.99,64718.88,62672.97,64661.78,,3.54
KSE100,2024-01-02,65120.39,65333.70,64213.63,64349.60,,-0.48
KSE100,2024-01-03,64504.22,65244.60,64219.54,64646.85,,0.46
KSE100,2024-01-04,64815.34,64936.76,64098.11,64639.16,,-0.01
KSE100,2024-01-05,64738.85,65077.48,63757.96,64514.90,,-0.19
KSE100,2024-01-08,64684.23,65069.43,64183.53,64237.03,,-0.43
KSE100,2024-01-09,64536.58,64786.35,63878.22,64170.58,,-0.10
KSE100,2024-01-10,64234.83,64550.94,63873.63,63919.85,,-0.39
KSE100,2024-01-11,64057.49,64700.97,63914.94,64617.57,,1.09
KSE100,2024-01-12,64917.06,65356.85,64491.08,64637.64,,0.03
KSE100,2024-01-15,64885.15,65173.87,64130.96,64269.38,,-0.57
KSE100,2024-01-16,64246.68,64246.68,63397.94,63737.46,,-0.83
KSE100,2024-01-17,63692.22,64043.87,63290.18,63567.34,,-0.27
KSE100,2024-01-18,63579.97,63579.97,62528.56,63202.40,,-0.57
KSE100,2024-01-19,63351.07,63911.86,63214.86,63282.23,,0.13
KSE100,2024-01-22,63354.43,64090.88,63139.73,63939.41,,1.04
KSE100,2024-01-23,64121.46,64658.17,63549.61,64454.22,,0.81
KSE100,2024-01-24,64569.49,65063.08,64460.95,64822.43,,0.57
KSE100,2024-01-25,64918.32,65213.61,64180.45,64298.01,,-0.81
KSE100,2024-01-26,64220.91,64534.30,63743.40,63813.06,,-0.75
KSE100,2024-01-29,63792.84,63792.84,62717.71,62773.72,,-1.63
KSE100,2024-01-30,62799.23,63074.51,61637.62,61841.74,,-1.48
KSE100,2024-01-31,62072.82,62600.12,61896.01,61979.18,,0.22
KSE100,2024-02-01,62054.25,62480.23,61764.70,62393.74,,0.67
KSE100,2024-02-02,62536.10,63075.30,62448.72,63002.92,,0.98
KSE100,2024-02-06,63178.09,63885.10,63176.97,63799.02,,1.26
KSE100,2024-02-07,63955.05,64196.62,63927.29,64143.87,,0.54
KSE100,2024-02-09,63291.62,63305.71,61781.76,62943.75,,-1.87
KSE100,2024-02-12,62444.76,62634.38,60647.68,61065.32,,-2.98
KSE100,2024-02-13,60536.13,61654.65,59613.18,61226.93,,0.26
KSE100,2024-02-14,61635.62,62432.26,61635.62,62153.84,,1.51
KSE100,2024-02-15,62394.25,62394.25,60926.86,61020.06,,-1.82
KSE100,2024-02-16,60787.30,61173.31,59739.47,59872.96,,-1.88
KSE100,2024-02-19,59444.46,60504.48,59191.86,60459.75,,0.98
KSE100,2024-02-20,60576.38,61237.51,60420.84,60464.24,,0.01
KSE100,2024-02-21,61237.78,61620.86,60906.98,61559.16,,1.81
KSE100,2024-02-22,61741.57,61952.10,61460.45,61914.34,,0.58
KSE100,2024-02-23,61939.01,62945.37,61849.67,62815.82,,1.46
KSE100,2024-02-26,62915.40,63732.50,61849.67,63305.93,,0.78
KSE100,2024-02-27,63450.40,63622.00,63055.64,63219.10,,-0.14
KSE100,2024-02-28,63173.45,63929.58,63042.15,63703.45,,0.77
KSE100,2024-02-29,63827.25,64801.64,63827.25,64578.52,,1.37
KSE100,2024-03-01,64755.31,65486.46,64530.21,65325.69,,1.16
KSE100,2024-03-04,65695.03,66007.44,65532.58,65951.73,,0.96
KSE100,2024-03-05,66126.70,66134.85,65500.07,65726.04,,-0.34
KSE100,2024-03-06,65757.72,66150.95,65603.88,65656.62,,-0.11
KSE100,2024-03-07,65673.80,65874.15,65187.69,65603.09,,-0.08
KSE100,2024-03-08,65760.55,66067.53,65693.22,65793.76,,0.29
KSE100,2024-03-11,65948.02,66119.34,65698.76,65755.31,,-0.06
KSE100,2024-03-12,65815.11,65859.64,64664.67,64801.70,,-1.45
KSE100,2024-03-13,64859.77,65043.38,63856.51,64048.44,,-1.16
KSE100,2024-03-14,64079.97,65205.82,64079.97,65064.27,,1.59
KSE100,2024-03-15,65309.79,65353.66,64759.61,64816.47,,-0.38
KSE100,2024-03-18,64987.15,65148.36,64811.92,64890.51,,0.11
KSE100,2024-03-19,64955.94,65624.73,64940.18,65502.60,,0.94
KSE100,2024-03-20,65727.73,65968.03,65614.94,65731.79,,0.35
KSE100,2024-03-21,66021.54,66196.24,65326.01,65417.40,,-0.48
KSE100,2024-03-22,65510.16,65534.02,65056.66,65151.83,,-0.41
KSE100,2024-03-25,65412.92,65656.50,65301.74,65525.65,,0.57
KSE100,2024-03-26,65629.76,65989.54,65492.71,65906.28,,0.58
KSE100,2024-03-27,66003.44,66607.88,66003.44,66547.79,,0.97
KSE100,2024-03-28,66690.94,67246.03,66690.94,67142.12,,0.89
KSE100,2024-03-29,67232.20,67307.63,66822.43,67005.11,,-0.20
KSE100,2024-04-01,67162.70,67304.37,66740.91,66796.32,,-0.31
KSE100,2024-04-02,66793.38,66959.55,66573.63,66886.26,,0.13
KSE100,2024-04-03,66998.21,67873.22,66985.02,67756.04,,1.30
KSE100,2024-04-04,68210.16,68439.37,67912.35,68416.78,,0.98
KSE100,2024-04-08,68716.64,69720.03,68710.50,69619.99,,1.76
KSE100,2024-04-09,69857.15,70677.30,69857.15,70314.72,,1.00
KSE100,2024-04-15,70218.51,70608.88,69914.11,70544.58,,0.33
KSE100,2024-04-16,70661.42,71092.61,70405.24,70483.66,,-0.09
KSE100,2024-04-17,70396.65,70725.50,70037.28,70333.32,,-0.21
KSE100,2024-04-18,70506.20,70645.30,69783.32,70290.12,,-0.06
KSE100,2024-04-19,70423.71,70968.98,70186.93,70909.90,,0.88
KSE100,2024-04-22,71009.67,71861.18,70882.45,71433.46,,0.74
KSE100,2024-04-23,71553.58,71846.64,71338.43,71359.41,,-0.10
KSE100,2024-04-24,71472.87,72414.33,71467.02,72051.89,,0.97
KSE100,2024-04-25,72254.38,72593.25,71700.54,71971.40,,-0.11
KSE100,2024-04-26,72109.79,72862.41,71764.18,72742.75,,1.07
KSE100,2024-04-29,73022.89,73300.75,71602.94,71695.03,,-1.44
KSE100,2024-04-30,71780.95,72119.66,71059.63,71102.55,,-0.83
KSE100,2024-05-02,71199.95,71292.83,70562.12,70657.64,,-0.63
KSE100,2024-05-03,70734.47,71986.43,70671.72,71902.09,,1.76
KSE100,2024-05-06,72485.86,73060.74,72462.49,72764.24,,1.20
KSE100,2024-05-07,73062.52,73260.09,72707.96,72761.20,,0.00
KSE100,2024-05-08,73079.18,73079.18,72358.19,72601.82,,-0.22
KSE100,2024-05-09,72819.48,72889.78,72325.35,72658.05,,0.08
KSE100,2024-05-10,72888.93,73449.38,72876.84,73085.50,,0.59
KSE100,2024-05-13,73315.02,74114.23,73109.76,73799.11,,0.98
KSE100,2024-05-14,74022.18,74575.31,73977.01,74531.19,,0.99
KSE100,2024-05-15,74771.18,75115.33,74440.88,74663.98,,0.18
KSE100,2024-05-16,74744.65,75029.03,74450.26,74930.70,,0.36
KSE100,2024-05-17,74981.29,75401.12,74947.71,75342.35,,0.55
KSE100,2024-05-20,75454.97,75618.49,74734.25,75084.00,,-0.34
KSE100,2024-05-21,75158.68,75482.46,74958.10,75206.77,,0.16
KSE100,2024-05-22,75246.33,75513.90,74835.49,74956.67,,-0.33
KSE100,2024-05-23,74982.16,75284.74,74726.07,75114.47,,0.21
KSE100,2024-05-24,75266.61,76248.76,75263.06,75983.04,,1.16
KSE100,2024-05-27,76089.66,76187.45,75485.62,75517.49,,-0.61
KSE100,2024-05-29,75617.79,75667.31,74760.10,74836.30,,-0.90
KSE100,2024-05-30,74986.02,75300.03,74585.35,74878.12,,0.06
KSE100,2024-05-31,75078.43,75953.74,74989.26,75878.48,,1.34
KSE100,2024-06-03,76091.42,76209.97,75495.38,75575.26,,-0.40
KSE100,2024-06-04,75657.68,75669.76,74592.74,74666.66,,-1.20
KSE100,2024-06-05,74672.38,74758.11,74136.52,74219.44,,-0.60
KSE100,2024-06-06,74276.84,74593.33,73768.40,73862.93,112740000,-0.48
KSE100,2024-06-07,73805.95,73902.79,71781.96,73754.02,208270000,-0.15
KSE100,2024-06-10,73841.92,73915.45,72981.35,73252.56,89480000,-0.68
KSE100,2024-06-11,73779.99,73866.45,72476.05,72589.49,142110000,-0.91
KSE100,2024-06-12,72545.24,73169.00,72464.24,72797.43,106500000,0.29
KSE100,2024-06-13,73329.80,76338.15,73329.80,76208.16,344920000,4.69
KSE100,2024-06-14,76555.91,77310.45,76103.56,76706.77,212580000,0.65
KSE100,2024-06-20,76896.82,78890.37,76896.82,78801.53,211650000,2.73
KSE100,2024-06-21,79156.52,80059.87,78169.03,78810.49,207210000,0.01
KSE100,2024-06-24,79247.15,79388.12,78167.43,78232.10,148500000,-0.73
KSE100,2024-06-25,78297.40,78541.22,77908.98,77940.58,126980000,-0.37
KSE100,2024-06-26,77968.91,78679.50,77968.91,78275.65,218680000,0.43
KSE100,2024-06-27,78470.34,78978.60,78294.23,78528.25,137830000,0.32
KSE100,2024-06-28,78698.47,78784.23,78312.36,78444.96,206230000,-0.11
KSE100,2024-07-01,78531.93,79536.23,78427.80,78824.33,163260000,0.48
KSE100,2024-07-02,78978.55,79740.35,78978.55,79552.89,192740000,0.92
KSE100,2024-07-03,79697.25,80405.24,79697.25,80233.67,280030000,0.86
KSE100,2024-07-04,80438.84,80888.86,80134.89,80282.80,228990000,0.06
KSE100,2024-07-05,80427.84,80627.49,80080.25,80212.79,211200000,-0.09
KSE100,2024-07-08,80332.79,80737.71,80192.31,80566.21,138280000,0.44
KSE100,2024-07-09,80752.94,81087.43,80530.86,80672.06,309340000,0.13
KSE100,2024-07-10,80885.06,80971.96,79841.32,79841.56,230880000,-1.03
KSE100,2024-07-11,79884.02,80114.73,79708.87,79992.35,154100000,0.19
KSE100,2024-07-12,80094.69,80321.69,78611.68,79944.10,217960000,-0.06
KSE100,2024-07-15,80743.46,81428.43,80743.46,81155.61,219580000,1.52
KSE100,2024-07-18,81418.12,81909.95,81418.12,81839.86,238790000,0.84
KSE100,2024-07-19,81921.71,81939.84,79812.70,80117.89,246330000,-2.10
KSE100,2024-07-22,79920.23,80085.63,78404.76,78539.19,201000000,-1.97
KSE100,2024-07-23,78700.25,79585.34,78634.15,78987.09,137600000,0.57
KSE100,2024-07-24,79194.74,79704.37,79071.48,79397.01,102940000,0.52
KSE100,2024-07-25,79568.48,79776.96,78330.59,78469.33,129009999,-1.17
KSE100,2024-07-26,78440.36,78569.89,77921.48,78029.51,116860000,-0.56
KSE100,2024-07-29,78023.89,79055.99,78016.30,78827.74,135180000,1.02
KSE100,2024-07-30,79319.20,79327.05,78518.23,78628.81,143370000,-0.25
KSE100,2024-07-31,78725.96,79151.82,77810.17,77886.99,112540000,-0.94
KSE100,2024-08-01,78101.16,78241.02,77595.93,77740.31,97020000,-0.19
KSE100,2024-08-02,77946.16,78434.17,77926.54,78225.98,203300000,0.62
KSE100,2024-08-05,78303.67,78330.10,76943.24,77084.49,169490000,-1.46
KSE100,2024-08-06,77417.21,77746.56,77035.96,77191.34,149770000,0.14
KSE100,2024-08-07,77344.86,77800.04,77086.82,77114.49,128800000,-0.10
KSE100,2024-08-08,77218.12,77969.27,77085.48,77874.22,192850000,0.99
KSE100,2024-08-09,78322.33,78823.14,78051.08,78569.59,139150000,0.89
KSE100,2024-08-12,78867.30,78886.46,77940.53,77980.29,141770000,-0.75
KSE100,2024-08-13,77966.72,78275.97,77817.33,77877.42,183960000,-0.13
KSE100,2024-08-15,77989.36,78709.14,77987.83,78105.98,169230000,0.29
KSE100,2024-08-16,78197.15,78619.18,78041.08,78045.31,206700000,-0.08
KSE100,2024-08-19,78272.12,78382.05,77566.62,77830.34,122480000,-0.28
KSE100,2024-08-20,77857.79,77930.04,77460.40,77745.52,114230000,-0.11
KSE100,2024-08-21,77993.20,78457.37,77968.74,78260.86,190860000,0.66
KSE100,2024-08-22,78442.25,78996.22,78442.25,78793.41,184560000,0.68
KSE100,2024-08-23,78902.33,79173.94,78760.03,78801.43,197840000,0.01
KSE100,2024-08-26,78907.54,79160.40,78553.87,78571.06,141270000,-0.29
KSE100,2024-08-27,78737.23,78857.62,78077.83,78084.24,190600000,-0.62
KSE100,2024-08-28,78253.05,78334.61,77990.35,77992.79,150900000,-0.12
KSE100,2024-08-29,78019.51,78513.86,78017.36,78349.66,151390000,0.46
KSE100,2024-08-30,78552.01,78914.28,78439.62,78488.22,148550000,0.18
KSE100,2024-09-02,78715.16,79014.69,78240.37,78283.30,121320000,-0.26
KSE100,2024-09-03,78566.04,78644.96,78250.90,78356.32,99480000,0.09
KSE100,2024-09-04,78488.88,78890.79,78488.88,78848.01,146300000,0.63
KSE100,2024-09-05,79027.52,79154.30,78578.02,78863.34,132199999,0.02
KSE100,2024-09-06,79009.84,79254.25,78917.29,78897.73,141870000,0.04
KSE100,2024-09-09,79117.78,79214.28,78545.69,78615.00,90270000,-0.36
KSE100,2024-09-10,78776.77,79335.59,78642.87,79286.74,121340000,0.85
KSE100,2024-09-11,79428.49,79507.18,78612.17,78651.80,146520000,-0.80
KSE100,2024-09-12,78843.06,79217.62,78577.65,79017.62,132750000,0.47
KSE100,2024-09-13,79912.34,80016.74,79262.72,79333.06,191850000,0.40
KSE100,2024-09-16,79682.10,79993.18,79368.18,79491.14,,0.20
KSE100,2024-09-18,79884.41,80587.44,79798.75,80461.34,148580000,1.22
KSE100,2024-09-19,80802.77,82003.58,80680.24,81459.29,184890000,1.24
KSE100,2024-09-20,81694.98,82372.20,81387.57,82074.45,243550000,0.76
KSE100,2024-09-23,82113.42,82463.05,81548.65,81850.50,163000000,-0.27
KSE100,2024-09-24,81873.63,82010.10,81107.39,81483.64,148620000,-0.45
KSE100,2024-09-25,81643.50,82331.86,81524.41,82247.92,155310000,0.94
KSE100,2024-09-26,82752.07,82905.73,81552.66,81657.97,152660000,-0.72
KSE100,2024-09-27,81737.61,81842.75,81183.50,81292.13,153490000,-0.45
KSE100,2024-09-30,81271.08,81321.64,80352.22,81114.20,116760000,-0.22
KSE100,2024-10-01,81199.43,81980.37,81119.24,81804.59,191150000,0.85
KSE100,2024-10-02,81706.43,82360.29,81529.45,81967.01,154650000,0.20
KSE100,2024-10-03,82076.34,82958.74,81981.50,82721.77,159630000,0.92
KSE100,2024-10-04,82804.30,83605.73,82594.80,83531.96,173690000,0.98
KSE100,2024-10-07,83651.99,85047.81,83303.55,84910.30,281010000,1.65
KSE100,2024-10-08,84905.56,85824.27,84897.99,85663.98,283710000,0.89
KSE100,2024-10-09,85823.81,86451.43,85444.31,85669.28,349290000,0.01
KSE100,2024-10-10,85743.41,86013.46,85425.74,85453.22,293940000,-0.25
KSE100,2024-10-11,85432.84,85750.19,84774.46,85483.40,295020000,0.04
KSE100,2024-10-14,85596.91,86105.03,85156.11,85261.39,263519999,-0.26
KSE100,2024-10-15,85264.93,85893.99,84856.21,85840.34,251620000,0.68
KSE100,2024-10-16,86060.69,86513.46,85948.05,86205.66,259490000,0.43
KSE100,2024-10-17,86439.57,86520.29,85539.20,85585.43,219880000,-0.72
KSE100,2024-10-18,85638.58,85773.83,85120.90,85250.09,152920000,-0.39
KSE100,2024-10-21,85353.34,86172.79,85349.33,86057.52,240440000,0.95
KSE100,2024-10-22,86294.70,86846.04,86294.70,86466.58,415550000,0.48
KSE100,2024-10-23,86667.99,87309.23,86284.25,87194.54,424370000,0.84
KSE100,2024-10-24,87553.63,89126.16,87382.05,88945.99,458050000,2.01
KSE100,2024-10-25,89373.82,90593.61,89373.82,89993.97,365940000,1.18
KSE100,2024-10-28,90633.65,91054.84,89732.73,90195.52,267240000,0.22
KSE100,2024-10-29,90509.48,91358.15,90449.42,90864.09,256870000,0.74
KSE100,2024-10-30,91375.53,91872.63,90003.31,90286.57,240630000,-0.64
KSE100,2024-10-31,90459.17,90700.23,89063.34,88966.77,287740000,-1.46
KSE100,2024-11-01,89292.74,91133.28,88852.68,90859.85,230030000,2.13
KSE100,2024-11-04,91454.30,92159.08,91395.35,91938.01,311380000,1.19
KSE100,2024-11-05,92510.48,92514.30,91536.09,92304.32,289410000,0.40
KSE100,2024-11-06,92509.76,92966.95,91891.47,92021.44,376320000,-0.31
KSE100,2024-11-07,92259.48,92694.54,92185.69,92520.49,322630000,0.54
KSE100,2024-11-08,92623.84,93514.56,92566.49,93291.68,362830000,0.83
KSE100,2024-11-11,93485.41,94020.03,93318.91,93648.33,468860000,0.38
KSE100,2024-11-12,93799.93,93871.62,92893.11,93224.56,408480000,-0.45
KSE100,2024-11-13,93362.53,93803.59,92943.08,93355.43,295670000,0.14
KSE100,2024-11-14,93672.72,94289.97,93672.72,94191.89,255610000,0.90
KSE100,2024-11-15,94431.19,95278.27,94431.19,94763.64,283270000,0.61
KSE100,2024-11-18,95060.85,95307.92,94620.45,94995.67,277310000,0.24
KSE100,2024-11-19,95241.64,96036.49,95212.63,95856.67,377890000,0.91
KSE100,2024-11-20,96055.66,96711.33,95311.97,95546.46,565380000,-0.32
KSE100,2024-11-21,95674.50,97437.15,95300.21,97328.40,323530000,1.86
KSE100,2024-11-22,97835.39,99623.04,97471.12,97798.23,515070000,0.48
KSE100,2024-11-25,97851.82,99317.48,97137.64,98079.78,281100000,0.29
KSE100,2024-11-26,98049.38,99819.59,94180.60,94574.16,517940000,-3.57
KSE100,2024-11-27,97425.06,99549.81,97188.28,99269.25,495790000,4.96
KSE100,2024-11-28,100059.29,100540.29,99354.24,100082.77,555940000,0.82
KSE100,2024-11-29,100393.16,101496.18,99822.62,101357.32,454630000,1.27
KSE100,2024-12-02,101921.21,103386.47,101921.21,103274.95,695790000,1.89
KSE100,2024-12-03,103520.00,104680.89,102825.60,104559.07,756590000,1.24
KSE100,2024-12-04,105080.29,105473.56,104315.41,105104.34,697650000,0.52
KSE100,2024-12-05,105661.16,108345.99,105448.06,108238.97,721600000,2.98
KSE100,2024-12-06,108864.72,109478.09,108550.87,109053.95,658760000,0.75
KSE100,2024-12-09,109094.07,110358.85,107625.92,109970.39,719550000,0.84
KSE100,2024-12-10,110738.04,111759.58,107711.40,108896.65,669930000,-0.98
KSE100,2024-12-11,109455.51,111012.02,109416.32,110810.22,509280000,1.76
KSE100,2024-12-12,111308.66,114408.62,111308.66,114180.51,636220000,3.04
KSE100,2024-12-13,114627.54,115172.45,112609.26,114301.80,479750000,0.11
KSE100,2024-12-16,115433.26,116681.59,115346.00,116169.41,491300000,1.63
KSE100,2024-12-17,116308.02,117039.18,113688.55,114860.69,548570000,-1.13
KSE100,2024-12-18,114854.05,116236.71,110896.27,111070.29,507240000,-3.30
KSE100,2024-12-19,110140.75,111745.03,105937.37,106274.98,531309999,-4.32
KSE100,2024-12-20,106073.21,109846.64,105601.04,109513.15,321980000,3.05
KSE100,2024-12-23,110990.57,114189.72,110891.36,113924.42,424810000,4.03
KSE100,2024-12-24,114987.83,115036.50,112294.42,112414.81,352680000,-1.33
KSE100,2024-12-26,112480.60,112480.60,109858.88,110423.32,274820000,-1.77
KSE100,2024-12-27,110658.65,112043.77,110246.93,111351.18,293220000,0.84
KSE100,2024-12-30,111916.71,115422.34,111916.71,115259.00,521360000,3.51
KSE100,2024-12-31,116700.02,116700.02,114804.81,115126.90,580520000,-0.11
KSE100,2025-01-01,115258.12,117341.03,114719.89,117008.08,465170000,1.63
KSE100,2025-01-02,117150.31,118367.81,116857.61,117119.66,383720000,0.10
KSE100,2025-01-03,117484.90,117891.62,115580.02,117586.98,398070000,0.40
KSE100,2025-01-06,118309.50,118735.10,115941.95,116255.13,369830000,-1.13
KSE100,2025-01-07,116667.55,116843.41,113677.50,116052.68,401230000,-0.17
KSE100,2025-01-08,116591.08,117750.23,113847.04,114148.46,254280000,-1.64
KSE100,2025-01-09,114313.00,114329.95,112594.67,112638.26,268880000,-1.32
KSE100,2025-01-10,112544.62,113554.07,112013.59,113247.29,216220000,0.54
KSE100,2025-01-13,113715.50,114496.09,113083.86,114230.06,198490000,0.87
KSE100,2025-01-14,114541.46,115044.79,113836.61,114804.17,258820000,0.50
KSE100,2025-01-15,115360.64,115773.39,114298.29,114495.71,263600000,-0.27
KSE100,2025-01-16,114800.98,114884.63,113630.45,113836.74,176920000,-0.58
KSE100,2025-01-17,114060.38,115356.12,113571.96,115272.08,212260000,1.26
KSE100,2025-01-20,115868.94,116276.42,115668.08,115844.82,268339999,0.50
KSE100,2025-01-21,116320.30,116424.85,114783.72,115042.25,338090000,-0.69
KSE100,2025-01-22,114996.26,115256.16,113359.38,113443.43,358350000,-1.39
KSE100,2025-01-23,113580.21,114319.62,113234.31,114037.79,374090000,0.52
KSE100,2025-01-24,114407.66,115779.06,114383.17,114880.49,280360000,0.74
KSE100,2025-01-27,115075.86,115596.87,113482.23,113520.32,231200000,-1.18
KSE100,2025-01-28,113398.28,113644.72,111434.95,112030.36,211430000,-1.31
KSE100,2025-01-29,112274.42,112569.90,111157.19,111487.36,201920000,-0.48
KSE100,2025-01-30,111805.66,113400.57,111805.66,113206.40,172240000,1.54
KSE100,2025-01-31,113745.99,115106.99,113692.87,114255.73,250680000,0.93
KSE100,2025-02-03,114550.59,114620.79,112681.34,112745.01,165870000,-1.32
KSE100,2025-02-04,113091.72,113649.08,111828.11,111935.38,170650000,-0.72
KSE100,2025-02-06,112053.96,112234.15,109405.54,110301.16,174300000,-1.46
KSE100,2025-02-07,110575.28,110905.09,109686.53,110322.94,129190000,0.02
KSE100,2025-02-10,110610.81,111622.72,109948.57,111377.97,193050000,0.96
KSE100,2025-02-11,111834.21,113233.41,111834.21,113010.38,244300000,1.47
KSE100,2025-02-12,113302.68,113436.72,112621.14,112924.94,399900000,-0.08
KSE100,2025-02-13,113023.24,113477.71,112540.12,112564.08,289290000,-0.32
KSE100,2025-02-14,113070.07,113482.13,111861.56,112085.30,238580000,-0.43
KSE100,2025-02-17,112283.82,112524.81,111513.67,111743.53,295850000,-0.30
KSE100,2025-02-18,112023.31,113252.55,111642.02,113088.48,348500000,1.20
KSE100,2025-02-19,113465.70,114029.76,113060.26,113342.44,461110000,0.22
KSE100,2025-02-20,113601.96,114202.14,113525.90,113739.16,507750000,0.35
KSE100,2025-02-21,114441.59,114444.01,112813.87,112800.93,216950000,-0.82
KSE100,2025-02-24,112700.10,114573.68,111857.34,114330.10,214100000,1.36
KSE100,2025-02-25,114900.47,115889.60,114178.56,114528.09,290830000,0.17
KSE100,2025-02-26,114580.40,114762.93,113849.93,113862.33,333210000,-0.58
KSE100,2025-02-27,114045.13,114456.92,113729.53,113784.31,207290000,-0.07
KSE100,2025-02-28,113890.68,114265.97,113201.84,113251.67,231450000,-0.47
KSE100,2025-03-03,113498.58,113591.83,111829.15,111986.89,108000000,-1.12
KSE100,2025-03-04,112106.68,112877.02,111717.17,112743.80,101170000,0.68
KSE100,2025-03-05,112952.94,113327.12,112146.10,112253.76,152190000,-0.43
KSE100,2025-03-06,112506.52,113871.22,112446.01,113713.18,240890000,1.30
KSE100,2025-03-07,114169.20,114721.58,114169.20,114398.70,233230000,0.60
KSE100,2025-03-10,114432.80,115048.42,114152.31,114356.34,165910000,-0.04
KSE100,2025-03-11,114180.10,114486.20,113610.31,114177.66,171980000,-0.16
KSE100,2025-03-12,114503.40,114661.89,114001.50,114084.54,128440000,-0.08
KSE100,2025-03-13,114429.93,115247.40,114429.93,115094.24,210930000,0.89
KSE100,2025-03-14,115705.29,115730.98,115162.69,115536.17,205480000,0.38
KSE100,2025-03-17,116012.73,116626.83,115883.22,116199.59,286470000,0.57
KSE100,2025-03-18,116657.45,117202.10,116490.82,117001.09,274470000,0.69
KSE100,2025-03-19,117198.36,118243.63,116882.80,117974.03,301110000,0.83
KSE100,2025-03-20,118525.01,119421.81,118444.04,118769.77,401600000,0.67
KSE100,2025-03-21,119078.91,119405.92,118334.40,118442.18,172210000,-0.28
KSE100,2025-03-24,118797.70,118797.70,116257.52,116439.62,167110000,-1.69
KSE100,2025-03-25,116375.71,116904.55,115877.88,116633.17,158060000,0.17
KSE100,2025-03-26,117935.80,118220.88,117178.23,117772.31,231390000,0.98
KSE100,2025-03-27,118037.70,118147.25,117551.42,117806.75,193470000,0.03
KSE100,2025-04-03,117873.59,119179.46,117508.07,118938.11,201030000,0.96
KSE100,2025-04-04,119155.22,120796.67,118718.26,118791.66,313410000,-0.12
KSE100,2025-04-07,117601.62,117601.62,110103.98,114909.49,389420000,-3.27
KSE100,2025-04-08,115800.77,116692.29,115560.91,115532.43,338910000,0.54
KSE100,2025-04-09,115092.12,115092.12,112891.49,114153.16,267600000,-1.19
KSE100,2025-04-10,117094.15,117484.17,116130.90,116189.21,391050000,1.78
KSE100,2025-04-11,115937.38,115937.38,114639.92,114853.33,250710000,-1.15
KSE100,2025-04-14,115448.73,116494.20,115246.21,116390.04,273770000,1.34
KSE100,2025-04-15,116739.03,117362.23,116645.69,116775.50,215170000,0.33
KSE100,2025-04-16,117187.51,117424.04,115776.12,116020.11,248070000,-0.65
KSE100,2025-04-17,116073.70,117216.03,115818.07,116901.13,221690000,0.76
KSE100,2025-04-18,117360.60,117888.13,116759.07,117315.59,212790000,0.35
KSE100,2025-04-21,117712.70,118827.47,117712.70,118383.38,367340000,0.91
KSE100,2025-04-22,118546.17,119217.19,118161.68,118430.35,353610000,0.04
KSE100,2025-04-23,118422.67,118811.24,117120.39,117226.15,242520000,-1.02
KSE100,2025-04-24,115269.30,116568.14,114661.20,115019.82,197690000,-1.88
KSE100,2025-04-25,115099.65,115844.89,113716.60,115469.35,213620000,0.39
KSE100,2025-04-28,116305.70,116658.95,113867.81,114063.90,190220000,-1.22
KSE100,2025-04-29,113869.98,115040.59,112935.57,114872.18,185490000,0.71
KSE100,2025-04-30,114066.13,114066.13,110631.84,111326.58,254490000,-3.09
KSE100,2025-05-02,112820.08,114546.88,112820.08,114113.94,192300000,2.50
KSE100,2025-05-05,114385.61,114552.21,113077.67,114102.24,153680000,-0.01
KSE100,2025-05-06,114392.83,115093.11,113418.52,113568.51,165330000,-0.47
KSE100,2025-05-07,107007.68,112457.38,107007.68,110009.03,261519999,-3.13
KSE100,2025-05-08,110842.45,111881.03,101598.91,103526.82,308030000,-5.89
KSE100,2025-05-09,103949.69,107541.45,102420.82,107174.64,238400000,3.52
KSE100,2025-05-12,117104.12,117327.78,115794.37,117297.73,345350000,9.45
KSE100,2025-05-13,120067.12,120067.12,116859.93,118575.89,366250000,1.09
KSE100,2025-05-14,118950.61,119460.54,118148.65,118536.53,273520000,-0.03
KSE100,2025-05-15,118871.13,119990.30,118871.13,119961.91,310690000,1.20
KSE100,2025-05-16,120292.95,120506.18,119541.15,119649.14,235070000,-0.26
KSE100,2025-05-19,120164.33,120285.55,119250.68,119689.63,119530000,0.03
KSE100,2025-05-20,119891.17,119900.38,118527.09,118971.13,108110000,-0.60
KSE100,2025-05-21,119239.34,120106.21,119128.39,119931.46,280860000,0.81
KSE100,2025-05-22,120234.81,120699.18,119062.03,119153.04,223280000,-0.65
KSE100,2025-05-23,119214.78,119542.52,118665.26,119102.67,99800000,-0.04
KSE100,2025-05-26,119211.88,119290.94,118150.28,118221.12,350580000,-0.74
KSE100,2025-05-27,118533.70,118807.92,118143.68,118332.91,414610000,0.09
KSE100,2025-05-29,118512.41,119639.47,118481.98,118971.41,315840000,0.54
KSE100,2025-05-30,119138.77,119913.88,118771.84,119691.09,211930000,0.60
KSE100,2025-06-02,120211.57,120590.77,118672.84,118877.81,164320000,-0.68
KSE100,2025-06-03,119129.52,120693.83,119129.52,120450.87,315240000,1.32
KSE100,2025-06-04,120954.38,121882.48,120896.13,121798.87,292410000,1.12
KSE100,2025-06-05,122106.82,122281.58,121517.90,121641.00,407560000,-0.13
KSE100,2025-06-10,122152.23,122611.53,121589.90,122024.44,235300000,0.32
KSE100,2025-06-11,123290.25,124588.17,123237.99,124352.68,332590000,1.91
KSE100,2025-06-12,124807.10,126718.28,123846.56,124093.12,371980000,-0.21
KSE100,2025-06-13,122679.01,123058.06,121604.60,122143.57,238190000,-1.57
KSE100,2025-06-16,122168.26,122903.34,121889.96,122225.36,181440000,0.07
KSE100,2025-06-17,122367.28,122891.61,121815.39,121971.04,203250000,-0.21
KSE100,2025-06-18,121857.97,121905.50,120418.00,120465.93,122210000,-1.23
KSE100,2025-06-19,121103.35,121745.30,119770.03,120002.59,134100000,-0.38
KSE100,2025-06-20,120234.96,120828.86,119872.16,120023.24,136800000,0.02
KSE100,2025-06-23,118272.00,118798.52,115887.49,116167.47,196190000,-3.21
KSE100,2025-06-24,120499.53,122725.21,120369.54,122246.64,318300000,5.23
KSE100,2025-06-25,122753.01,123256.55,122168.76,122761.64,221150000,0.42
KSE100,2025-06-26,123031.82,123417.87,122142.43,122046.46,244240000,-0.58
KSE100,2025-06-27,122229.42,125285.05,122222.70,124379.07,220310000,1.91
KSE100,2025-06-30,124884.07,125748.59,124500.21,125627.31,258990000,1.00
KSE100,2025-07-01,126114.17,128475.70,126113.28,128199.43,336910000,2.05
KSE100,2025-07-02,128616.12,130545.95,128616.12,130344.03,345790000,1.67
KSE100,2025-07-03,130831.28,131325.11,129776.20,130686.66,280010000,0.26
KSE100,2025-07-04,130896.03,132129.59,130716.11,131949.06,198950000,0.97
KSE100,2025-07-07,132485.75,133862.02,132467.13,133370.16,344250000,1.08
KSE100,2025-07-08,133746.63,134200.27,132696.36,133403.19,324460000,0.02
KSE100,2025-07-09,133524.94,133566.38,132326.19,132576.98,161030000,-0.62
KSE100,2025-07-10,132773.88,133902.34,132706.03,133782.34,325790000,0.91
KSE100,2025-07-11,134130.91,134931.95,134130.41,134299.77,290060000,0.39
KSE100,2025-07-14,134937.44,136841.50,134937.44,136502.55,259910000,1.64
KSE100,2025-07-15,136840.16,137747.61,135826.41,135939.88,307740000,-0.41
KSE100,2025-07-16,136169.64,137232.11,135542.89,136379.97,273100000,0.32
KSE100,2025-07-17,136674.98,138943.47,136674.98,138665.50,299280000,1.68
KSE100,2025-07-18,139600.23,140585.39,138343.73,138597.36,256320000,-0.05
KSE100,2025-07-21,139142.17,139201.16,138149.56,138217.58,221760000,-0.27
KSE100,2025-07-22,138197.81,139901.78,138197.81,139419.63,245770000,0.87
KSE100,2025-07-23,139966.08,140202.19,139105.05,139254.36,193420000,-0.12
KSE100,2025-07-24,139501.61,139867.83,138614.09,138692.67,272660000,-0.40
KSE100,2025-07-25,138876.06,139436.77,138808.64,139207.30,190960000,0.37
KSE100,2025-07-28,139759.59,140149.23,139195.84,139380.06,213990000,0.12
KSE100,2025-07-29,139733.06,140331.02,137636.38,137964.81,212750000,-1.02
KSE100,2025-07-30,138141.59,139018.88,137658.81,138412.25,167690000,0.32
KSE100,2025-07-31,139379.14,140215.22,139083.73,139390.42,291210000,0.71
KSE100,2025-08-01,139634.91,141160.94,138957.70,141034.98,304550000,1.18
KSE100,2025-08-04,141962.94,142323.34,141440.48,142052.66,349230000,0.72
KSE100,2025-08-05,142235.70,143281.34,142235.70,143037.17,262320000,0.69
KSE100,2025-08-06,143409.59,145187.17,143409.59,145088.50,383510000,1.43
KSE100,2025-08-07,145793.06,146081.03,145250.19,145647.14,326590000,0.39
KSE100,2025-08-08,145999.41,146813.44,144917.19,145382.80,276740000,-0.18
KSE100,2025-08-11,145650.33,147005.19,145258.50,146929.84,299280000,1.06
KSE100,2025-08-12,147467.44,147976.98,146894.63,147005.31,331790000,0.05
KSE100,2025-08-13,147334.30,147892.25,146417.80,146529.31,298880000,-0.32
KSE100,2025-08-15,146713.84,147534.41,146269.59,146491.63,187000000,-0.03
KSE100,2025-08-18,146679.73,148395.72,146403.66,148196.42,229070000,1.16
KSE100,2025-08-19,148464.55,150323.39,148293.94,149770.75,340190000,1.06
KSE100,2025-08-20,150106.16,151261.67,149931.69,150591.00,275220000,0.55
KSE100,2025-08-21,150948.94,151249.63,148272.58,149235.27,426270000,-0.90
KSE100,2025-08-22,149659.84,150465.17,149448.94,149493.06,335530000,0.17
KSE100,2025-08-25,149828.16,150079.77,148757.14,148815.31,210520000,-0.45
KSE100,2025-08-26,149096.34,149453.19,148312.58,148435.06,161930000,-0.26
KSE100,2025-08-27,148841.67,149237.92,147337.02,147494.03,186410000,-0.63
KSE100,2025-08-28,147554.39,148042.00,147209.56,147343.52,306530000,-0.10
KSE100,2025-08-29,147591.81,149234.95,147488.47,148617.78,624600000,0.86
KSE100,2025-09-01,149079.23,150066.00,148500.20,149971.13,511820000,0.91
KSE100,2025-09-02,150318.63,151075.67,150081.41,150975.48,442000000,0.67
KSE100,2025-09-03,151320.50,152805.30,151320.50,152201.88,337870000,0.81
KSE100,2025-09-04,152599.44,153411.06,152264.97,152665.72,407270000,0.30
KSE100,2025-09-05,153149.44,154511.31,153129.78,154277.19,471370000,1.06
KSE100,2025-09-08,155057.34,156199.30,154944.88,156087.31,492410000,1.17
KSE100,2025-09-09,156640.09,157088.81,155044.27,156563.53,480310000,0.31
KSE100,2025-09-10,156571.73,157479.42,156079.53,157020.80,437130000,0.29
KSE100,2025-09-11,157284.66,157816.77,156103.81,156141.25,402820000,-0.56
KSE100,2025-09-12,156201.70,156519.14,154360.34,154439.69,241100000,-1.09
KSE100,2025-09-15,154612.19,155602.30,154486.20,155384.52,274670000,0.61
KSE100,2025-09-16,155960.66,156467.92,155781.84,156180.94,423570000,0.51
KSE100,2025-09-17,156887.48,157196.59,155960.36,156177.81,367850000,0.00
KSE100,2025-09-18,157020.08,158082.55,156978.84,157953.47,555470000,1.14
KSE100,2025-09-19,158555.48,159337.45,157522.00,158037.38,890890000,0.05
KSE100,2025-09-22,158528.16,158850.34,157245.73,157554.66,833290000,-0.31
KSE100,2025-09-23,158187.31,158831.22,157416.55,157945.03,771290000,0.25
KSE100,2025-09-24,158529.73,159046.59,158133.31,158236.69,1030000000,0.18
KSE100,2025-09-25,158849.28,159537.59,158297.44,159280.09,880270000,0.66
KSE100,2025-09-26,159901.56,162422.30,159901.56,162257.02,562770000,1.87
KSE100,2025-09-29,162920.48,163903.63,162058.64,163847.69,483730000,0.98
KSE100,2025-09-30,164354.55,166556.30,164208.34,165493.59,629990000,1.00
KSE100,2025-10-01,166176.66,166522.61,164155.31,165640.34,1000000000,0.09
KSE100,2025-10-02,166079.48,168619.31,165567.22,168489.63,776260000,1.72
KSE100,2025-10-03,169041.41,169988.63,168613.41,168990.06,831080000,0.30
KSE100,2025-10-06,169178.98,169326.34,165997.38,167752.41,623770000,-0.73
KSE100,2025-10-07,168299.20,168518.97,165997.20,166173.75,629740000,-0.94
KSE100,2025-10-08,166360.55,166947.20,165109.84,165266.75,554830000,-0.55
KSE100,2025-10-09,165526.94,166729.97,164306.77,164530.81,698870000,-0.45
KSE100,2025-10-10,163984.81,165262.86,162411.27,163098.19,607600000,-0.87
KSE100,2025-10-13,161403.91,161988.13,157678.02,158443.42,686330000,-2.85
KSE100,2025-10-14,160821.73,165866.78,160821.73,165476.02,586850000,4.44
KSE100,2025-10-15,166756.77,167561.69,165357.20,165686.38,893800000,0.13
KSE100,2025-10-16,166280.38,166864.91,164261.66,164444.72,1390000000,-0.75
KSE100,2025-10-17,164983.44,165030.81,163118.02,163806.22,500440000,-0.39
KSE100,2025-10-20,164912.41,166421.34,164281.95,166242.91,704430000,1.49
KSE100,2025-10-21,167004.66,168414.14,166923.59,167346.83,1000000000,0.66
KSE100,2025-10-22,167781.03,168163.22,166230.91,166553.28,727760000,-0.47
KSE100,2025-10-23,166457.67,166720.42,164395.39,164590.41,485010000,-1.18
KSE100,2025-10-24,164414.44,165025.86,163041.98,163304.13,424610000,-0.78
KSE100,2025-10-27,163308.91,163570.83,161766.63,162163.81,363990000,-0.70
KSE100,2025-10-28,162444.28,163380.67,159805.34,160101.03,374970000,-1.27
KSE100,2025-10-29,160607.77,160690.13,158306.84,158465.06,390150000,-1.02
KSE100,2025-10-30,158996.02,159507.42,156327.61,156732.88,378020000,-1.09
KSE100,2025-10-31,158195.55,162194.31,158195.55,161631.73,408940000,3.13
KSE100,2025-11-03,162827.13,163935.03,161892.59,162803.16,353000000,0.72
KSE100,2025-11-04,163286.70,163384.95,161159.27,161281.77,321600000,-0.93
KSE100,2025-11-05,161368.19,162052.45,159216.86,159578.19,333050000,-1.06
KSE100,2025-11-06,160240.88,160590.77,158252.63,159096.80,286000000,-0.30
KSE100,2025-11-07,159393.02,160435.95,159005.14,159592.91,216910000,0.31
KSE100,2025-11-10,160619.83,161881.45,160406.44,161538.41,225010000,1.22
KSE100,2025-11-11,161516.75,161516.75,157765.92,157870.50,291160000,-2.27
KSE100,2025-11-12,158068.17,159516.41,157203.55,158183.95,217770000,0.20
KSE100,2025-11-13,158971.48,160944.52,158971.48,160657.50,254920000,1.56
KSE100,2025-11-14,161308.72,162118.77,160791.78,161935.19,239780000,0.80
KSE100,2025-11-17,163077.95,163602.16,161481.69,161687.19,521409999,-0.15
KSE100,2025-11-18,162089.33,162344.66,160583.91,160935.13,302860000,-0.47
KSE100,2025-11-19,161279.02,162741.73,161279.02,162226.28,361890000,0.80
KSE100,2025-11-20,162871.27,163817.83,162646.98,162936.94,208140000,0.44
KSE100,2025-11-21,163016.59,163357.52,161853.59,162102.92,254630000,-0.51
KSE100,2025-11-24,162206.17,162385.33,161241.47,161984.09,154380000,-0.07
KSE100,2025-11-25,162394.41,162819.84,161276.81,161692.48,162000000,-0.18
KSE100,2025-11-26,161984.45,163397.23,160564.86,163188.53,234700000,0.93
KSE100,2025-11-27,163509.30,165611.11,163509.30,165373.31,175280000,1.34
KSE100,2025-11-28,165753.36,167005.05,165753.36,166677.70,295620000,0.79
KSE100,2025-12-01,167229.27,168246.23,166024.80,168062.19,306600000,0.83
KSE100,2025-12-02,168499.02,169289.22,167445.94,167642.28,291890000,-0.25
KSE100,2025-12-03,168107.55,168160.88,166115.17,166145.34,258779999,-0.89
KSE100,2025-12-04,166501.19,166837.09,165886.27,166283.55,167560000,0.08
KSE100,2025-12-05,167772.20,167923.45,166369.73,167085.58,225680000,0.48
KSE100,2025-12-08,167386.44,168755.19,167386.44,168303.25,328070000,0.73
KSE100,2025-12-09,169382.09,169601.05,168880.22,169456.39,433910000,0.69
KSE100,2025-12-10,169806.31,170697.75,169239.23,169451.86,497180000,0.00
KSE100,2025-12-11,170089.28,170301.48,168548.45,168574.69,656550000,-0.52
KSE100,2025-12-12,168937.33,170052.88,168421.55,169864.53,309700000,0.77
KSE100,2025-12-15,170549.69,171001.70,170292.95,170741.34,410450000,0.52
KSE100,2025-12-16,171403.38,171922.59,170191.98,170447.30,475390000,-0.17
KSE100,2025-12-17,170737.14,171392.63,169230.50,170313.86,435470000,-0.08
KSE100,2025-12-18,170804.66,172248.94,170804.66,171960.66,392430000,0.97
KSE100,2025-12-19,172289.30,172674.66,171149.06,171404.48,326400000,-0.32
KSE100,2025-12-22,171624.56,172167.63,170858.66,171204.19,326750000,-0.12
KSE100,2025-12-23,171596.97,171867.31,170968.31,171073.73,239250000,-0.08
KSE100,2025-12-24,171469.52,171587.31,170641.13,170830.22,319890000,-0.14
KSE100,2025-12-26,171220.16,172582.95,171146.14,172400.73,346400000,0.92
KSE100,2025-12-29,173200.42,174411.73,173200.42,173896.34,360620000,0.87
KSE100,2025-12-30,174270.84,174805.16,174121.42,174472.80,415890000,0.33
KSE100,2025-12-31,174791.31,175232.91,173564.33,174054.31,414470000,-0.24
KSE100,2026-01-01,174437.70,176658.39,174437.70,176355.48,799090000,1.32
KSE100,2026-01-02,177030.02,179467.84,176709.52,179034.94,513440000,1.52
KSE100,2026-01-05,179535.47,183964.38,179535.47,182408.23,633100000,1.88
KSE100,2026-01-06,183121.45,185481.45,181182.06,185062.11,596930000,1.45
KSE100,2026-01-07,185845.56,187015.13,184896.70,186518.72,569860000,0.79
KSE100,2026-01-08,186998.48,187905.17,185199.38,185543.02,576350000,-0.52
KSE100,2026-01-09,185700.13,186180.31,183700.84,184409.67,393480000,-0.61
KSE100,2026-01-12,184045.17,184439.06,182303.56,182384.16,418830000,-1.10
KSE100,2026-01-13,182702.06,184304.88,180589.95,183951.52,437360000,0.86
KSE100,2026-01-14,184400.81,184726.59,182369.88,182569.81,444260000,-0.75
KSE100,2026-01-15,183073.45,183717.55,180783.63,181456.34,281310000,-0.61
KSE100,2026-01-16,182559.69,185208.98,182559.69,185098.83,381920000,2.01
KSE100,2026-01-19,186151.23,187882.05,186127.34,187761.69,450870000,1.44
KSE100,2026-01-20,188579.17,188958.38,187192.02,188621.78,454300000,0.46
KSE100,2026-01-21,189095.63,189523.44,186626.84,187033.27,703360000,-0.84
KSE100,2026-01-22,187391.55,188106.81,186825.63,187688.16,462470000,0.35
KSE100,2026-01-23,187926.50,189566.64,186637.56,189166.83,407930000,0.79
KSE100,2026-01-26,189788.69,191032.73,188268.39,188587.66,449790000,-0.31
KSE100,2026-01-27,188775.66,189521.31,187538.23,188202.86,341590000,-0.20
KSE100,2026-01-28,188901.75,189183.88,188179.52,188380.39,423530000,0.09
KSE100,2026-01-29,188686.06,188923.41,181961.16,182338.13,413820000,-3.21
KSE100,2026-01-30,183166.67,186619.52,182347.48,184174.48,344200000,1.01
KSE100,2026-02-02,184441.94,185611.73,182792.41,185057.83,215800000,0.48
KSE100,2026-02-03,185555.89,187518.80,185545.94,186900.73,390200000,1.00
KSE100,2026-02-04,187193.30,188312.20,187018.69,187832.08,767510000,0.50
KSE100,2026-02-06,188023.59,188036.31,183547.30,184129.58,798690000,-1.97
KSE100,2026-02-09,185027.17,185650.59,180992.80,182340.38,597720000,-0.97
KSE100,2026-02-10,183101.94,183216.67,181499.30,182153.55,636100000,-0.10
KSE100,2026-02-11,182739.72,183801.70,182054.66,183049.81,350080000,0.49
KSE100,2026-02-12,182700.31,182757.09,178725.25,180512.66,448220000,-1.39
KSE100,2026-02-13,180577.78,180832.66,178237.14,179603.73,379800000,-0.50
KSE100,2026-02-16,179926.88,179969.23,173574.27,174453.94,378710000,-2.87
KSE100,2026-02-17,174783.16,176131.34,171693.41,173150.42,424960000,-0.75
KSE100,2026-02-18,174328.61,178974.17,174328.61,178853.09,424990000,3.29
KSE100,2026-02-19,179279.73,179279.73,171647.34,172170.30,229010000,-3.74
KSE100,2026-02-20,172716.16,174148.33,169592.53,173169.70,245480000,0.58
KSE100,2026-02-23,172962.95,174336.86,166886.63,167691.08,204730000,-3.16
KSE100,2026-02-24,167685.83,169237.52,163907.59,166258.55,345390000,-0.85
KSE100,2026-02-25,167607.55,168191.66,164229.36,164626.30,351260000,-0.98
KSE100,2026-02-26,164815.44,169374.27,162953.64,168893.09,355320000,2.59
KSE100,2026-02-27,167718.13,169379.97,165811.88,168062.17,222440000,-0.49
KSE100,2026-03-02,152717.47,159328.59,151747.95,151973.00,479700000,-9.57
KSE100,2026-03-03,151258.86,158217.02,151258.86,157132.09,429920000,3.39
KSE100,2026-03-04,157322.45,157962.48,154790.73,155777.20,362160000,-0.86
KSE100,2026-03-05,156310.70,161476.84,156250.30,161210.69,402540000,3.49
KSE100,2026-03-06,161435.83,161435.83,157072.66,157496.09,196190000,-2.30
KSE100,2026-03-09,150174.09,150174.09,144119.44,146480.16,378010000,-6.99
KSE100,2026-03-10,156209.06,158354.13,155294.66,156177.13,289650000,6.62
KSE100,2026-03-11,157206.97,158624.52,155652.36,155858.48,232660000,-0.20
KSE100,2026-03-12,154679.70,157080.30,153503.70,154421.44,202930000,-0.92
KSE100,2026-03-13,154202.92,155002.11,152780.80,153866.17,113040000,-0.36
KSE100,2026-03-16,153581.45,153943.70,148747.72,149178.66,153180000,-3.05
KSE100,2026-03-17,150067.91,151503.47,148509.05,150016.16,145540000,0.56
KSE100,2026-03-18,150562.73,154684.45,150284.27,154292.27,213820000,2.85
KSE100,2026-03-19,152698.52,153322.97,150728.19,152740.38,147440000,-1.01
KSE100,2026-03-24,157190.06,157442.69,153382.02,153966.36,220480000,0.80
KSE100,2026-03-25,155359.94,158586.09,155199.70,158313.45,348260000,2.82
KSE100,2026-03-26,157571.13,157591.23,152668.08,152907.97,313130000,-3.41
KSE100,2026-03-27,153041.83,153660.89,151457.95,151707.52,244730000,-0.79
KSE100,2026-03-30,151813.61,151813.61,144656.97,146842.97,308120000,-3.21
KSE100,2026-03-31,147743.69,150225.63,147743.69,148743.31,232740000,1.29
KSE100,2026-04-01,151262.77,157347.19,151262.77,155511.56,420210000,4.55
KSE100,2026-04-02,152040.53,152272.64,150022.44,152011.27,202910000,-2.25
KSE100,2026-04-03,149093.61,152103.63,148796.55,150398.70,270150000,-1.06
KSE100,2026-04-06,150272.88,151875.02,147771.36,151207.81,270550000,0.54
KSE100,2026-04-07,150613.25,152013.05,149129.41,151673.45,205230000,0.31
KSE100,2026-04-08,164594.39,165924.14,162956.77,165811.02,486660000,9.32
KSE100,2026-04-09,166382.34,166962.17,161993.00,165517.52,456730000,-0.18
KSE100,2026-04-10,166221.33,168290.30,166221.33,167191.38,452220000,1.01
KSE100,2026-04-13,161837.70,163612.13,160158.92,160591.33,324640000,-3.95
KSE100,2026-04-14,163416.55,165763.81,163416.55,165634.84,358200000,3.14
KSE100,2026-04-15,169403.08,170640.27,168182.98,168519.94,600690000,1.74
KSE100,2026-04-16,170006.75,170899.16,168941.31,169911.95,405310000,0.83
KSE100,2026-04-17,171064.39,174404.03,170758.27,173939.02,704340000,2.37
KSE100,2026-04-20,172249.27,174523.77,169226.56,172196.70,597870000,-1.00
KSE100,2026-04-21,173405.56,175298.13,172837.80,173155.80,524200000,0.56
KSE100,2026-04-22,173343.41,173452.66,171254.81,171579.31,358030000,-0.91
KSE100,2026-04-23,171561.73,171561.73,168416.02,169173.38,310840000,-1.40
KSE100,2026-04-24,168045.69,171641.33,166380.72,170672.05,445220000,0.89
KSE100,2026-04-27,170553.98,171306.63,169268.33,169497.36,357300000,-0.69
KSE100,2026-04-28,168221.05,169313.91,168170.73,168412.23,592490000,-0.64
KSE100,2026-04-29,168863.86,169686.03,165391.47,165823.88,448990000,-1.54
KSE100,2026-04-30,164357.47,164357.47,160391.19,162994.17,366140000,-1.71
KSE100,2026-05-04,164713.27,167245.55,163417.84,163948.94,355710000,0.59
KSE100,2026-05-05,162616.20,164920.34,162532.98,164742.47,209980000,0.48
KSE100,2026-05-06,167389.06,172088.58,167354.44,171704.77,562660000,4.23
KSE100,2026-05-07,172548.88,173274.55,171541.05,172894.28,429220000,0.69
KSE100,2026-05-08,171465.06,172287.45,170393.13,171115.81,431760000,-1.03
KSE100,2026-05-11,170279.55,171304.11,169583.45,170506.31,634150000,-0.36
KSE100,2026-05-12,170758.16,171571.56,168823.31,168916.22,424800000,-0.93
KSE100,2026-05-13,169038.94,169687.30,167329.34,167451.14,208510000,-0.87
KSE100,2026-05-14,167979.48,168528.88,166398.91,166498.84,185040000,-0.57
KSE100,2026-05-15,166890.05,166924.48,165291.53,165596.06,264750000,-0.54
KSE100,2026-05-18,164799.34,164939.09,161613.52,161805.02,195970000,-2.29
KSE100,2026-05-19,163033.72,164309.66,162563.58,162896.69,169980000,0.67
KSE100,2026-05-20,163514.39,165081.70,162895.73,164831.42,172530000,1.19
KSE100,2026-05-21,166638.56,168869.19,166638.56,168514.45,270580000,2.23
KSE100,2026-05-22,169539.16,169624.78,167480.67,167844.25,170380000,-0.40
KSE100,2026-05-25,170747.30,171920.81,170161.66,171725.30,261560000,2.31
KSE100,2026-05-29,172118.02,174106.34,171545.47,173962.81,313690000,1.30
KSE100,2026-06-01,174157.61,174171.64,170396.84,170600.20,246940000,-1.93
KSE100,2026-06-02,170615.48,171856.36,170248.47,171021.77,189720000,0.25
KSE100,2026-06-03,170462.91,171624.45,169790.34,170190.64,163720000,-0.49
KSE100,2026-06-04,170598.48,171455.77,170563.41,171175.52,216200000,0.58
KSE100,2026-06-05,171651.48,172102.91,170254.66,170478.94,174950000,-0.41
KSE100,2026-06-08,169254.14,169360.55,168432.45,168953.70,137850000,-0.89
KSE100,2026-06-09,170442.16,171022.94,170250.27,170330.56,209360000,0.81
KSE100,2026-06-10,169734.30,170729.56,169346.38,169427.44,163010000,-0.53
KSE100,2026-06-11,168877.78,170138.19,168682.25,169703.59,186640000,0.16
KSE100,2026-06-12,171562.23,173093.45,170946.55,172399.91,320000000,1.59
KSE100,2026-06-15,176814.48,177176.73,175085.80,177039.83,457430000,2.69
KSE100,2026-06-16,178182.08,180503.55,177741.47,180392.98,610920000,1.89
KSE100,2026-06-17,181282.13,181357.70,179564.17,180511.02,526919999,0.07
KSE100,2026-06-18,181087.38,181869.34,181045.34,181398.22,445720000,0.49
KSE100,2026-06-19,181585.16,182185.88,177836.16,178922.77,458030000,-1.36
KSE100,2026-06-22,180146.06,180507.81,178337.14,178471.88,230110000,-0.25
KSE100,2026-06-23,179307.69,179405.56,177674.38,177692.92,292030000,-0.44
KSE100,2026-06-24,178115.36,179919.27,177931.31,179571.27,436670000,1.06
KSE100,2026-06-29,179457.84,180272.02,178331.00,178414.80,330970000,-0.64
KSE100,2026-06-30,179020.11,180150.41,179020.11,180301.70,296020000,1.06
KSE100,2026-07-01,180733.45,184233.58,180565.84,184050.09,472430000,2.08
KSE100,2026-07-02,184840.56,185890.53,184214.80,184520.95,423480000,0.26
KSE100,2026-07-03,184830.91,185668.66,184462.66,185372.20,314710000,0.46
KSE100,2026-07-06,185910.39,187546.36,185910.39,187454.69,392600000,1.12
KSE100,2026-07-07,188012.67,188126.69,186189.20,186255.55,395220000,-0.64
KSE100,2026-07-08,184405.88,185215.56,179504.34,181629.38,571940000,-2.48
KSE100,2026-07-09,180064.80,182276.81,179411.36,181259.69,470840000,-0.20
KSE100,2026-07-10,181880.55,183477.56,181880.55,182241.78,412980000,0.54
KSE100,2026-07-13,180125.80,181148.27,179448.52,179927.05,365010000,-1.27
KSE100,2026-07-14,178112.05,178112.05,173349.42,173518.81,409230000,-3.56
KSE100,2026-07-15,173870.27,176701.38,173870.27,175285.78,248390000,1.02
KSE100,2026-07-16,175672.34,178431.73,175672.34,178123.56,311880000,1.62
KSE100,2026-07-17,178185.45,178694.48,175790.63,175802.80,267060000,-1.30
KSE100,2026-07-20,174419.42,176129.34,173636.45,175927.73,343880000,0.07
KSE100,2026-07-21,176930.75,178370.45,176062.70,176133.56,448770000,0.12
KSE100,2026-07-22,175863.78,176255.64,174104.06,174429.94,266160000,-0.97
KSE100,2026-07-23,174494.38,175237.59,171655.09,171739.45,242210000,-1.54
KSE100,2026-07-24,171166.52,172718.67,169512.88,171021.20,228530000,-0.42
KSE100,2026-07-27,175600.30,178588.34,175153.17,178262.34,385160000,4.23
KSE100,2026-07-28,179104.13,179123.02,177434.95,177623.88,478020000,-0.36
KSE100,2026-07-29,176935.03,176935.03,175631.73,176042.98,193070000,-0.89
KSE100,2026-07-30,175141.64,176234.30,174612.16,175547.98,222460000,-0.28
KSE100,2026-07-31,176405.33,177108.67,175934.98,176094.13,210430000,0.31
KSE100,2026-08-03,178460.72,178985.95,177759.88,178200.02,255200000,1.20
KSE100,2026-08-04,178716.20,178768.83,177043.09,177083.22,263769999,-0.63
KSE100,2026-08-05,179216.20,180202.39,178512.09,180014.94,294900000,1.66
KSE100,2026-08-06,180713.63,182007.05,180626.94,181776.59,345780000,0.98
KSE100,2026-08-07,181647.27,181647.27,180620.08,181430.02,376060000,-0.19
KSE100,2026-08-10,181989.95,182347.52,180820.23,181310.28,434730000,-0.07
KSE100,2026-08-11,181017.30,181017.30,179778.98,179846.69,370240000,-0.81
KSE100,2026-08-12,179931.02,180901.27,179920.09,180311.22,226160000,0.26
KSE100,2026-08-13,180761.33,181433.86,180035.92,180104.61,388900000,-0.11
KSE100,2026-08-17,180879.22,181158.88,180281.75,180502.45,511220000,0.22
KSE100,2026-08-18,180602.44,180602.44,177866.05,177955.52,511870000,-1.41
KSE100,2026-08-19,178072.42,178942.31,176638.11,176846.36,409770000,-0.62
KSE100,2026-08-20,177266.91,178291.38,176156.56,176591.77,358030000,-0.14
KSE100,2026-08-21,177093.81,177583.36,176110.77,177166.52,410560000,0.33
KSE100,2026-08-24,177773.00,178122.88,176735.56,176966.69,443750000,-0.11
KSE100,2026-08-25,177451.27,177775.70,176577.14,177370.70,271870000,0.23
KSE100,2026-08-27,178012.41,178650.02,177196.30,177322.78,218450000,-0.03
KSE100,2026-08-28,177575.22,178042.78,177165.27,177696.52,304870000,0.21
KSE100,2026-08-31,177616.95,178138.69,176944.91,176975.69,493820000,-0.41
KSE100,2026-09-01,177353.63,177800.28,176375.02,176466.98,391910000,-0.29
KSE100,2026-09-02,175519.88,175841.83,174562.88,174776.59,261560000,-0.96
KSE100,2026-09-03,175149.23,175796.25,174893.69,174929.69,192170000,0.09
KSE100,2026-09-04,175232.70,175418.30,174515.39,175328.81,259370000,0.23
